Wholesale Price MMK	Wholesale Min Qty	Wholesale Discount	Wholesale Status	Wholesale Notes
				
				
				
=IF(AND(ISNUMBER(AH10),AH10>0),ROUND(AH10*(1-AR10),0),"")	3	0.05	=IF(AND(ISNUMBER(AH10),AH10>0),"enabled","pending")	Owner approved 5% below approved retail, 3+ of this product. Business verification required. Not a supplier quote.
=IF(AND(ISNUMBER(AH11),AH11>0),ROUND(AH11*(1-AR11),0),"")	3	0.05	=IF(AND(ISNUMBER(AH11),AH11>0),"enabled","pending")	Owner approved 5% below approved retail, 3+ of this product. Business verification required. Not a supplier quote.
=IF(AND(ISNUMBER(AH12),AH12>0),ROUND(AH12*(1-AR12),0),"")	3	0.05	=IF(AND(ISNUMBER(AH12),AH12>0),"enabled","pending")	Owner approved 5% below approved retail, 3+ of this product. Business verification required. Not a supplier quote.
=IF(AND(ISNUMBER(AH13),AH13>0),ROUND(AH13*(1-AR13),0),"")	3	0.05	=IF(AND(ISNUMBER(AH13),AH13>0),"enabled","pending")	Owner approved 5% below approved retail, 3+ of this product. Business verification required. Not a supplier quote.
=IF(AND(ISNUMBER(AH14),AH14>0),ROUND(AH14*(1-AR14),0),"")	3	0.05	=IF(AND(ISNUMBER(AH14),AH14>0),"enabled","pending")	Owner approved 5% below approved retail, 3+ of this product. Business verification required. Not a supplier quote.
=IF(AND(ISNUMBER(AH15),AH15>0),ROUND(AH15*(1-AR15),0),"")	3	0.05	=IF(AND(ISNUMBER(AH15),AH15>0),"enabled","pending")	Owner approved 5% below approved retail, 3+ of this product. Business verification required. Not a supplier quote.
=IF(AND(ISNUMBER(AH16),AH16>0),ROUND(AH16*(1-AR16),0),"")	3	0.05	=IF(AND(ISNUMBER(AH16),AH16>0),"enabled","pending")	Owner approved 5% below approved retail, 3+ of this product. Business verification required. Not a supplier quote.
=IF(AND(ISNUMBER(AH17),AH17>0),ROUND(AH17*(1-AR17),0),"")	3	0.05	=IF(AND(ISNUMBER(AH17),AH17>0),"enabled","pending")	Owner approved 5% below approved retail, 3+ of this product. Business verification required. Not a supplier quote.
=IF(AND(ISNUMBER(AH18),AH18>0),ROUND(AH18*(1-AR18),0),"")	3	0.05	=IF(AND(ISNUMBER(AH18),AH18>0),"enabled","pending")	Owner approved 5% below approved retail, 3+ of this product. Business verification required. Not a supplier quote.
=IF(AND(ISNUMBER(AH19),AH19>0),ROUND(AH19*(1-AR19),0),"")	3	0.05	=IF(AND(ISNUMBER(AH19),AH19>0),"enabled","pending")	Owner approved 5% below approved retail, 3+ of this product. Business verification required. Not a supplier quote.
=IF(AND(ISNUMBER(AH20),AH20>0),ROUND(AH20*(1-AR20),0),"")	3	0.05	=IF(AND(ISNUMBER(AH20),AH20>0),"enabled","pending")	Owner approved 5% below approved retail, 3+ of this product. Business verification required. Not a supplier quote.
=IF(AND(ISNUMBER(AH21),AH21>0),ROUND(AH21*(1-AR21),0),"")	3	0.05	=IF(AND(ISNUMBER(AH21),AH21>0),"enabled","pending")	Owner approved 5% below approved retail, 3+ of this product. Business verification required. Not a supplier quote.
=IF(AND(ISNUMBER(AH22),AH22>0),ROUND(AH22*(1-AR22),0),"")	3	0.05	=IF(AND(ISNUMBER(AH22),AH22>0),"enabled","pending")	Owner approved 5% below approved retail, 3+ of this product. Business verification required. Not a supplier quote.
=IF(AND(ISNUMBER(AH23),AH23>0),ROUND(AH23*(1-AR23),0),"")	3	0.05	=IF(AND(ISNUMBER(AH23),AH23>0),"enabled","pending")	Owner approved 5% below approved retail, 3+ of this product. Business verification required. Not a supplier quote.
=IF(AND(ISNUMBER(AH24),AH24>0),ROUND(AH24*(1-AR24),0),"")	3	0.05	=IF(AND(ISNUMBER(AH24),AH24>0),"enabled","pending")	Owner approved 5% below approved retail, 3+ of this product. Business verification required. Not a supplier quote.
=IF(AND(ISNUMBER(AH25),AH25>0),ROUND(AH25*(1-AR25),0),"")	3	0.05	=IF(AND(ISNUMBER(AH25),AH25>0),"enabled","pending")	Owner approved 5% below approved retail, 3+ of this product. Business verification required. Not a supplier quote.
=IF(AND(ISNUMBER(AH26),AH26>0),ROUND(AH26*(1-AR26),0),"")	3	0.05	=IF(AND(ISNUMBER(AH26),AH26>0),"enabled","pending")	Owner approved 5% below approved retail, 3+ of this product. Business verification required. Not a supplier quote.
=IF(AND(ISNUMBER(AH27),AH27>0),ROUND(AH27*(1-AR27),0),"")	3	0.05	=IF(AND(ISNUMBER(AH27),AH27>0),"enabled","pending")	Owner approved 5% below approved retail, 3+ of this product. Business verification required. Not a supplier quote.
=IF(AND(ISNUMBER(AH28),AH28>0),ROUND(AH28*(1-AR28),0),"")	3	0.05	=IF(AND(ISNUMBER(AH28),AH28>0),"enabled","pending")	Owner approved 5% below approved retail, 3+ of this product. Business verification required. Not a supplier quote.
=IF(AND(ISNUMBER(AH29),AH29>0),ROUND(AH29*(1-AR29),0),"")	3	0.05	=IF(AND(ISNUMBER(AH29),AH29>0),"enabled","pending")	Owner approved 5% below approved retail, 3+ of this product. Business verification required. Not a supplier quote.
=IF(AND(ISNUMBER(AH30),AH30>0),ROUND(AH30*(1-AR30),0),"")	3	0.05	=IF(AND(ISNUMBER(AH30),AH30>0),"enabled","pending")	Owner approved 5% below approved retail, 3+ of this product. Business verification required. Not a supplier quote.
=IF(AND(ISNUMBER(AH31),AH31>0),ROUND(AH31*(1-AR31),0),"")	3	0.05	=IF(AND(ISNUMBER(AH31),AH31>0),"enabled","pending")	Owner approved 5% below approved retail, 3+ of this product. Business verification required. Not a supplier quote.
=IF(AND(ISNUMBER(AH32),AH32>0),ROUND(AH32*(1-AR32),0),"")	3	0.05	=IF(AND(ISNUMBER(AH32),AH32>0),"enabled","pending")	Owner approved 5% below approved retail, 3+ of this product. Business verification required. Not a supplier quote.
=IF(AND(ISNUMBER(AH33),AH33>0),ROUND(AH33*(1-AR33),0),"")	3	0.05	=IF(AND(ISNUMBER(AH33),AH33>0),"enabled","pending")	Owner approved 5% below approved retail, 3+ of this product. Business verification required. Not a supplier quote.
=IF(AND(ISNUMBER(AH34),AH34>0),ROUND(AH34*(1-AR34),0),"")	3	0.05	=IF(AND(ISNUMBER(AH34),AH34>0),"enabled","pending")	Owner approved 5% below approved retail, 3+ of this product. Business verification required. Not a supplier quote.
=IF(AND(ISNUMBER(AH35),AH35>0),ROUND(AH35*(1-AR35),0),"")	3	0.05	=IF(AND(ISNUMBER(AH35),AH35>0),"enabled","pending")	Owner approved 5% below approved retail, 3+ of this product. Business verification required. Not a supplier quote.
=IF(AND(ISNUMBER(AH36),AH36>0),ROUND(AH36*(1-AR36),0),"")	3	0.05	=IF(AND(ISNUMBER(AH36),AH36>0),"enabled","pending")	Owner approved 5% below approved retail, 3+ of this product. Business verification required. Not a supplier quote.
=IF(AND(ISNUMBER(AH37),AH37>0),ROUND(AH37*(1-AR37),0),"")	3	0.05	=IF(AND(ISNUMBER(AH37),AH37>0),"enabled","pending")	Owner approved 5% below approved retail, 3+ of this product. Business verification required. Not a supplier quote.
=IF(AND(ISNUMBER(AH38),AH38>0),ROUND(AH38*(1-AR38),0),"")	3	0.05	=IF(AND(ISNUMBER(AH38),AH38>0),"enabled","pending")	Owner approved 5% below approved retail, 3+ of this product. Business verification required. Not a supplier quote.
=IF(AND(ISNUMBER(AH39),AH39>0),ROUND(AH39*(1-AR39),0),"")	3	0.05	=IF(AND(ISNUMBER(AH39),AH39>0),"enabled","pending")	Owner approved 5% below approved retail, 3+ of this product. Business verification required. Not a supplier quote.
=IF(AND(ISNUMBER(AH40),AH40>0),ROUND(AH40*(1-AR40),0),"")	3	0.05	=IF(AND(ISNUMBER(AH40),AH40>0),"enabled","pending")	Owner approved 5% below approved retail, 3+ of this product. Business verification required. Not a supplier quote.
=IF(AND(ISNUMBER(AH41),AH41>0),ROUND(AH41*(1-AR41),0),"")	3	0.05	=IF(AND(ISNUMBER(AH41),AH41>0),"enabled","pending")	Owner approved 5% below approved retail, 3+ of this product. Business verification required. Not a supplier quote.
=IF(AND(ISNUMBER(AH42),AH42>0),ROUND(AH42*(1-AR42),0),"")	3	0.05	=IF(AND(ISNUMBER(AH42),AH42>0),"enabled","pending")	Owner approved 5% below approved retail, 3+ of this product. Business verification required. Not a supplier quote.
=IF(AND(ISNUMBER(AH43),AH43>0),ROUND(AH43*(1-AR43),0),"")	3	0.05	=IF(AND(ISNUMBER(AH43),AH43>0),"enabled","pending")	Owner approved 5% below approved retail, 3+ of this product. Business verification required. Not a supplier quote.
=IF(AND(ISNUMBER(AH44),AH44>0),ROUND(AH44*(1-AR44),0),"")	3	0.05	=IF(AND(ISNUMBER(AH44),AH44>0),"enabled","pending")	Owner approved 5% below approved retail, 3+ of this product. Business verification required. Not a supplier quote.
=IF(AND(ISNUMBER(AH45),AH45>0),ROUND(AH45*(1-AR45),0),"")	3	0.05	=IF(AND(ISNUMBER(AH45),AH45>0),"enabled","pending")	Owner approved 5% below approved retail, 3+ of this product. Business verification required. Not a supplier quote.
=IF(AND(ISNUMBER(AH46),AH46>0),ROUND(AH46*(1-AR46),0),"")	3	0.05	=IF(AND(ISNUMBER(AH46),AH46>0),"enabled","pending")	Owner approved 5% below approved retail, 3+ of this product. Business verification required. Not a supplier quote.
=IF(AND(ISNUMBER(AH47),AH47>0),ROUND(AH47*(1-AR47),0),"")	3	0.05	=IF(AND(ISNUMBER(AH47),AH47>0),"enabled","pending")	Owner approved 5% below approved retail, 3+ of this product. Business verification required. Not a supplier quote.
=IF(AND(ISNUMBER(AH48),AH48>0),ROUND(AH48*(1-AR48),0),"")	3	0.05	=IF(AND(ISNUMBER(AH48),AH48>0),"enabled","pending")	Owner approved 5% below approved retail, 3+ of this product. Business verification required. Not a supplier quote.
=IF(AND(ISNUMBER(AH49),AH49>0),ROUND(AH49*(1-AR49),0),"")	3	0.05	=IF(AND(ISNUMBER(AH49),AH49>0),"enabled","pending")	Owner approved 5% below approved retail, 3+ of this product. Business verification required. Not a supplier quote.
=IF(AND(ISNUMBER(AH50),AH50>0),ROUND(AH50*(1-AR50),0),"")	3	0.05	=IF(AND(ISNUMBER(AH50),AH50>0),"enabled","pending")	Owner approved 5% below approved retail, 3+ of this product. Business verification required. Not a supplier quote.
=IF(AND(ISNUMBER(AH51),AH51>0),ROUND(AH51*(1-AR51),0),"")	3	0.05	=IF(AND(ISNUMBER(AH51),AH51>0),"enabled","pending")	Owner approved 5% below approved retail, 3+ of this product. Business verification required. Not a supplier quote.
=IF(AND(ISNUMBER(AH52),AH52>0),ROUND(AH52*(1-AR52),0),"")	3	0.05	=IF(AND(ISNUMBER(AH52),AH52>0),"enabled","pending")	Owner approved 5% below approved retail, 3+ of this product. Business verification required. Not a supplier quote.
=IF(AND(ISNUMBER(AH53),AH53>0),ROUND(AH53*(1-AR53),0),"")	3	0.05	=IF(AND(ISNUMBER(AH53),AH53>0),"enabled","pending")	Owner approved 5% below approved retail, 3+ of this product. Business verification required. Not a supplier quote.
=IF(AND(ISNUMBER(AH54),AH54>0),ROUND(AH54*(1-AR54),0),"")	3	0.05	=IF(AND(ISNUMBER(AH54),AH54>0),"enabled","pending")	Owner approved 5% below approved retail, 3+ of this product. Business verification required. Not a supplier quote.
=IF(AND(ISNUMBER(AH55),AH55>0),ROUND(AH55*(1-AR55),0),"")	3	0.05	=IF(AND(ISNUMBER(AH55),AH55>0),"enabled","pending")	Owner approved 5% below approved retail, 3+ of this product. Business verification required. Not a supplier quote.
=IF(AND(ISNUMBER(AH56),AH56>0),ROUND(AH56*(1-AR56),0),"")	3	0.05	=IF(AND(ISNUMBER(AH56),AH56>0),"enabled","pending")	Owner approved 5% below approved retail, 3+ of this product. Business verification required. Not a supplier quote.
=IF(AND(ISNUMBER(AH57),AH57>0),ROUND(AH57*(1-AR57),0),"")	3	0.05	=IF(AND(ISNUMBER(AH57),AH57>0),"enabled","pending")	Owner approved 5% below approved retail, 3+ of this product. Business verification required. Not a supplier quote.
=IF(AND(ISNUMBER(AH58),AH58>0),ROUND(AH58*(1-AR58),0),"")	3	0.05	=IF(AND(ISNUMBER(AH58),AH58>0),"enabled","pending")	Owner approved 5% below approved retail, 3+ of this product. Business verification required. Not a supplier quote.
=IF(AND(ISNUMBER(AH59),AH59>0),ROUND(AH59*(1-AR59),0),"")	3	0.05	=IF(AND(ISNUMBER(AH59),AH59>0),"enabled","pending")	Owner approved 5% below approved retail, 3+ of this product. Business verification required. Not a supplier quote.
=IF(AND(ISNUMBER(AH60),AH60>0),ROUND(AH60*(1-AR60),0),"")	3	0.05	=IF(AND(ISNUMBER(AH60),AH60>0),"enabled","pending")	Owner approved 5% below approved retail, 3+ of this product. Business verification required. Not a supplier quote.
=IF(AND(ISNUMBER(AH61),AH61>0),ROUND(AH61*(1-AR61),0),"")	3	0.05	=IF(AND(ISNUMBER(AH61),AH61>0),"enabled","pending")	Owner approved 5% below approved retail, 3+ of this product. Business verification required. Not a supplier quote.
=IF(AND(ISNUMBER(AH62),AH62>0),ROUND(AH62*(1-AR62),0),"")	3	0.05	=IF(AND(ISNUMBER(AH62),AH62>0),"enabled","pending")	Owner approved 5% below approved retail, 3+ of this product. Business verification required. Not a supplier quote.
=IF(AND(ISNUMBER(AH63),AH63>0),ROUND(AH63*(1-AR63),0),"")	3	0.05	=IF(AND(ISNUMBER(AH63),AH63>0),"enabled","pending")	Owner approved 5% below approved retail, 3+ of this product. Business verification required. Not a supplier quote.
=IF(AND(ISNUMBER(AH64),AH64>0),ROUND(AH64*(1-AR64),0),"")	3	0.05	=IF(AND(ISNUMBER(AH64),AH64>0),"enabled","pending")	Owner approved 5% below approved retail, 3+ of this product. Business verification required. Not a supplier quote.
=IF(AND(ISNUMBER(AH65),AH65>0),ROUND(AH65*(1-AR65),0),"")	3	0.05	=IF(AND(ISNUMBER(AH65),AH65>0),"enabled","pending")	Owner approved 5% below approved retail, 3+ of this product. Business verification required. Not a supplier quote.
=IF(AND(ISNUMBER(AH66),AH66>0),ROUND(AH66*(1-AR66),0),"")	3	0.05	=IF(AND(ISNUMBER(AH66),AH66>0),"enabled","pending")	Owner approved 5% below approved retail, 3+ of this product. Business verification required. Not a supplier quote.
=IF(AND(ISNUMBER(AH67),AH67>0),ROUND(AH67*(1-AR67),0),"")	3	0.05	=IF(AND(ISNUMBER(AH67),AH67>0),"enabled","pending")	Owner approved 5% below approved retail, 3+ of this product. Business verification required. Not a supplier quote.
=IF(AND(ISNUMBER(AH68),AH68>0),ROUND(AH68*(1-AR68),0),"")	3	0.05	=IF(AND(ISNUMBER(AH68),AH68>0),"enabled","pending")	Owner approved 5% below approved retail, 3+ of this product. Business verification required. Not a supplier quote.
=IF(AND(ISNUMBER(AH69),AH69>0),ROUND(AH69*(1-AR69),0),"")	3	0.05	=IF(AND(ISNUMBER(AH69),AH69>0),"enabled","pending")	Owner approved 5% below approved retail, 3+ of this product. Business verification required. Not a supplier quote.
=IF(AND(ISNUMBER(AH70),AH70>0),ROUND(AH70*(1-AR70),0),"")	3	0.05	=IF(AND(ISNUMBER(AH70),AH70>0),"enabled","pending")	Owner approved 5% below approved retail, 3+ of this product. Business verification required. Not a supplier quote.
=IF(AND(ISNUMBER(AH71),AH71>0),ROUND(AH71*(1-AR71),0),"")	3	0.05	=IF(AND(ISNUMBER(AH71),AH71>0),"enabled","pending")	Owner approved 5% below approved retail, 3+ of this product. Business verification required. Not a supplier quote.
=IF(AND(ISNUMBER(AH72),AH72>0),ROUND(AH72*(1-AR72),0),"")	3	0.05	=IF(AND(ISNUMBER(AH72),AH72>0),"enabled","pending")	Owner approved 5% below approved retail, 3+ of this product. Business verification required. Not a supplier quote.
=IF(AND(ISNUMBER(AH73),AH73>0),ROUND(AH73*(1-AR73),0),"")	3	0.05	=IF(AND(ISNUMBER(AH73),AH73>0),"enabled","pending")	Owner approved 5% below approved retail, 3+ of this product. Business verification required. Not a supplier quote.
=IF(AND(ISNUMBER(AH74),AH74>0),ROUND(AH74*(1-AR74),0),"")	3	0.05	=IF(AND(ISNUMBER(AH74),AH74>0),"enabled","pending")	Owner approved 5% below approved retail, 3+ of this product. Business verification required. Not a supplier quote.
=IF(AND(ISNUMBER(AH75),AH75>0),ROUND(AH75*(1-AR75),0),"")	3	0.05	=IF(AND(ISNUMBER(AH75),AH75>0),"enabled","pending")	Owner approved 5% below approved retail, 3+ of this product. Business verification required. Not a supplier quote.
=IF(AND(ISNUMBER(AH76),AH76>0),ROUND(AH76*(1-AR76),0),"")	3	0.05	=IF(AND(ISNUMBER(AH76),AH76>0),"enabled","pending")	Owner approved 5% below approved retail, 3+ of this product. Business verification required. Not a supplier quote.
=IF(AND(ISNUMBER(AH77),AH77>0),ROUND(AH77*(1-AR77),0),"")	3	0.05	=IF(AND(ISNUMBER(AH77),AH77>0),"enabled","pending")	Owner approved 5% below approved retail, 3+ of this product. Business verification required. Not a supplier quote.
=IF(AND(ISNUMBER(AH78),AH78>0),ROUND(AH78*(1-AR78),0),"")	3	0.05	=IF(AND(ISNUMBER(AH78),AH78>0),"enabled","pending")	Owner approved 5% below approved retail, 3+ of this product. Business verification required. Not a supplier quote.
=IF(AND(ISNUMBER(AH79),AH79>0),ROUND(AH79*(1-AR79),0),"")	3	0.05	=IF(AND(ISNUMBER(AH79),AH79>0),"enabled","pending")	Owner approved 5% below approved retail, 3+ of this product. Business verification required. Not a supplier quote.
=IF(AND(ISNUMBER(AH80),AH80>0),ROUND(AH80*(1-AR80),0),"")	3	0.05	=IF(AND(ISNUMBER(AH80),AH80>0),"enabled","pending")	Owner approved 5% below approved retail, 3+ of this product. Business verification required. Not a supplier quote.
=IF(AND(ISNUMBER(AH81),AH81>0),ROUND(AH81*(1-AR81),0),"")	3	0.05	=IF(AND(ISNUMBER(AH81),AH81>0),"enabled","pending")	Owner approved 5% below approved retail, 3+ of this product. Business verification required. Not a supplier quote.
=IF(AND(ISNUMBER(AH82),AH82>0),ROUND(AH82*(1-AR82),0),"")	3	0.05	=IF(AND(ISNUMBER(AH82),AH82>0),"enabled","pending")	Owner approved 5% below approved retail, 3+ of this product. Business verification required. Not a supplier quote.
=IF(AND(ISNUMBER(AH83),AH83>0),ROUND(AH83*(1-AR83),0),"")	3	0.05	=IF(AND(ISNUMBER(AH83),AH83>0),"enabled","pending")	Owner approved 5% below approved retail, 3+ of this product. Business verification required. Not a supplier quote.
=IF(AND(ISNUMBER(AH84),AH84>0),ROUND(AH84*(1-AR84),0),"")	3	0.05	=IF(AND(ISNUMBER(AH84),AH84>0),"enabled","pending")	Owner approved 5% below approved retail, 3+ of this product. Business verification required. Not a supplier quote.
=IF(AND(ISNUMBER(AH85),AH85>0),ROUND(AH85*(1-AR85),0),"")	3	0.05	=IF(AND(ISNUMBER(AH85),AH85>0),"enabled","pending")	Owner approved 5% below approved retail, 3+ of this product. Business verification required. Not a supplier quote.
=IF(AND(ISNUMBER(AH86),AH86>0),ROUND(AH86*(1-AR86),0),"")	3	0.05	=IF(AND(ISNUMBER(AH86),AH86>0),"enabled","pending")	Owner approved 5% below approved retail, 3+ of this product. Business verification required. Not a supplier quote.
=IF(AND(ISNUMBER(AH87),AH87>0),ROUND(AH87*(1-AR87),0),"")	3	0.05	=IF(AND(ISNUMBER(AH87),AH87>0),"enabled","pending")	Owner approved 5% below approved retail, 3+ of this product. Business verification required. Not a supplier quote.
=IF(AND(ISNUMBER(AH88),AH88>0),ROUND(AH88*(1-AR88),0),"")	3	0.05	=IF(AND(ISNUMBER(AH88),AH88>0),"enabled","pending")	Owner approved 5% below approved retail, 3+ of this product. Business verification required. Not a supplier quote.
=IF(AND(ISNUMBER(AH89),AH89>0),ROUND(AH89*(1-AR89),0),"")	3	0.05	=IF(AND(ISNUMBER(AH89),AH89>0),"enabled","pending")	Owner approved 5% below approved retail, 3+ of this product. Business verification required. Not a supplier quote.
=IF(AND(ISNUMBER(AH90),AH90>0),ROUND(AH90*(1-AR90),0),"")	3	0.05	=IF(AND(ISNUMBER(AH90),AH90>0),"enabled","pending")	Owner approved 5% below approved retail, 3+ of this product. Business verification required. Not a supplier quote.
=IF(AND(ISNUMBER(AH91),AH91>0),ROUND(AH91*(1-AR91),0),"")	3	0.05	=IF(AND(ISNUMBER(AH91),AH91>0),"enabled","pending")	Owner approved 5% below approved retail, 3+ of this product. Business verification required. Not a supplier quote.
=IF(AND(ISNUMBER(AH92),AH92>0),ROUND(AH92*(1-AR92),0),"")	3	0.05	=IF(AND(ISNUMBER(AH92),AH92>0),"enabled","pending")	Owner approved 5% below approved retail, 3+ of this product. Business verification required. Not a supplier quote.
=IF(AND(ISNUMBER(AH93),AH93>0),ROUND(AH93*(1-AR93),0),"")	3	0.05	=IF(AND(ISNUMBER(AH93),AH93>0),"enabled","pending")	Owner approved 5% below approved retail, 3+ of this product. Business verification required. Not a supplier quote.
=IF(AND(ISNUMBER(AH94),AH94>0),ROUND(AH94*(1-AR94),0),"")	3	0.05	=IF(AND(ISNUMBER(AH94),AH94>0),"enabled","pending")	Owner approved 5% below approved retail, 3+ of this product. Business verification required. Not a supplier quote.
=IF(AND(ISNUMBER(AH95),AH95>0),ROUND(AH95*(1-AR95),0),"")	3	0.05	=IF(AND(ISNUMBER(AH95),AH95>0),"enabled","pending")	Owner approved 5% below approved retail, 3+ of this product. Business verification required. Not a supplier quote.
=IF(AND(ISNUMBER(AH96),AH96>0),ROUND(AH96*(1-AR96),0),"")	3	0.05	=IF(AND(ISNUMBER(AH96),AH96>0),"enabled","pending")	Owner approved 5% below approved retail, 3+ of this product. Business verification required. Not a supplier quote.
=IF(AND(ISNUMBER(AH97),AH97>0),ROUND(AH97*(1-AR97),0),"")	3	0.05	=IF(AND(ISNUMBER(AH97),AH97>0),"enabled","pending")	Owner approved 5% below approved retail, 3+ of this product. Business verification required. Not a supplier quote.
=IF(AND(ISNUMBER(AH98),AH98>0),ROUND(AH98*(1-AR98),0),"")	3	0.05	=IF(AND(ISNUMBER(AH98),AH98>0),"enabled","pending")	Owner approved 5% below approved retail, 3+ of this product. Business verification required. Not a supplier quote.
=IF(AND(ISNUMBER(AH99),AH99>0),ROUND(AH99*(1-AR99),0),"")	3	0.05	=IF(AND(ISNUMBER(AH99),AH99>0),"enabled","pending")	Owner approved 5% below approved retail, 3+ of this product. Business verification required. Not a supplier quote.
=IF(AND(ISNUMBER(AH100),AH100>0),ROUND(AH100*(1-AR100),0),"")	3	0.05	=IF(AND(ISNUMBER(AH100),AH100>0),"enabled","pending")	Owner approved 5% below approved retail, 3+ of this product. Business verification required. Not a supplier quote.
=IF(AND(ISNUMBER(AH101),AH101>0),ROUND(AH101*(1-AR101),0),"")	3	0.05	=IF(AND(ISNUMBER(AH101),AH101>0),"enabled","pending")	Owner approved 5% below approved retail, 3+ of this product. Business verification required. Not a supplier quote.
=IF(AND(ISNUMBER(AH102),AH102>0),ROUND(AH102*(1-AR102),0),"")	3	0.05	=IF(AND(ISNUMBER(AH102),AH102>0),"enabled","pending")	Owner approved 5% below approved retail, 3+ of this product. Business verification required. Not a supplier quote.
=IF(AND(ISNUMBER(AH103),AH103>0),ROUND(AH103*(1-AR103),0),"")	3	0.05	=IF(AND(ISNUMBER(AH103),AH103>0),"enabled","pending")	Owner approved 5% below approved retail, 3+ of this product. Business verification required. Not a supplier quote.
=IF(AND(ISNUMBER(AH104),AH104>0),ROUND(AH104*(1-AR104),0),"")	3	0.05	=IF(AND(ISNUMBER(AH104),AH104>0),"enabled","pending")	Owner approved 5% below approved retail, 3+ of this product. Business verification required. Not a supplier quote.
=IF(AND(ISNUMBER(AH105),AH105>0),ROUND(AH105*(1-AR105),0),"")	3	0.05	=IF(AND(ISNUMBER(AH105),AH105>0),"enabled","pending")	Owner approved 5% below approved retail, 3+ of this product. Business verification required. Not a supplier quote.
=IF(AND(ISNUMBER(AH106),AH106>0),ROUND(AH106*(1-AR106),0),"")	3	0.05	=IF(AND(ISNUMBER(AH106),AH106>0),"enabled","pending")	Owner approved 5% below approved retail, 3+ of this product. Business verification required. Not a supplier quote.
=IF(AND(ISNUMBER(AH107),AH107>0),ROUND(AH107*(1-AR107),0),"")	3	0.05	=IF(AND(ISNUMBER(AH107),AH107>0),"enabled","pending")	Owner approved 5% below approved retail, 3+ of this product. Business verification required. Not a supplier quote.
=IF(AND(ISNUMBER(AH108),AH108>0),ROUND(AH108*(1-AR108),0),"")	3	0.05	=IF(AND(ISNUMBER(AH108),AH108>0),"enabled","pending")	Owner approved 5% below approved retail, 3+ of this product. Business verification required. Not a supplier quote.
=IF(AND(ISNUMBER(AH109),AH109>0),ROUND(AH109*(1-AR109),0),"")	3	0.05	=IF(AND(ISNUMBER(AH109),AH109>0),"enabled","pending")	Owner approved 5% below approved retail, 3+ of this product. Business verification required. Not a supplier quote.
=IF(AND(ISNUMBER(AH110),AH110>0),ROUND(AH110*(1-AR110),0),"")	3	0.05	=IF(AND(ISNUMBER(AH110),AH110>0),"enabled","pending")	Owner approved 5% below approved retail, 3+ of this product. Business verification required. Not a supplier quote.
=IF(AND(ISNUMBER(AH111),AH111>0),ROUND(AH111*(1-AR111),0),"")	3	0.05	=IF(AND(ISNUMBER(AH111),AH111>0),"enabled","pending")	Owner approved 5% below approved retail, 3+ of this product. Business verification required. Not a supplier quote.
=IF(AND(ISNUMBER(AH112),AH112>0),ROUND(AH112*(1-AR112),0),"")	3	0.05	=IF(AND(ISNUMBER(AH112),AH112>0),"enabled","pending")	Owner approved 5% below approved retail, 3+ of this product. Business verification required. Not a supplier quote.
=IF(AND(ISNUMBER(AH113),AH113>0),ROUND(AH113*(1-AR113),0),"")	3	0.05	=IF(AND(ISNUMBER(AH113),AH113>0),"enabled","pending")	Owner approved 5% below approved retail, 3+ of this product. Business verification required. Not a supplier quote.
=IF(AND(ISNUMBER(AH114),AH114>0),ROUND(AH114*(1-AR114),0),"")	3	0.05	=IF(AND(ISNUMBER(AH114),AH114>0),"enabled","pending")	Owner approved 5% below approved retail, 3+ of this product. Business verification required. Not a supplier quote.
=IF(AND(ISNUMBER(AH115),AH115>0),ROUND(AH115*(1-AR115),0),"")	3	0.05	=IF(AND(ISNUMBER(AH115),AH115>0),"enabled","pending")	Owner approved 5% below approved retail, 3+ of this product. Business verification required. Not a supplier quote.
=IF(AND(ISNUMBER(AH116),AH116>0),ROUND(AH116*(1-AR116),0),"")	3	0.05	=IF(AND(ISNUMBER(AH116),AH116>0),"enabled","pending")	Owner approved 5% below approved retail, 3+ of this product. Business verification required. Not a supplier quote.
=IF(AND(ISNUMBER(AH117),AH117>0),ROUND(AH117*(1-AR117),0),"")	3	0.05	=IF(AND(ISNUMBER(AH117),AH117>0),"enabled","pending")	Owner approved 5% below approved retail, 3+ of this product. Business verification required. Not a supplier quote.
=IF(AND(ISNUMBER(AH118),AH118>0),ROUND(AH118*(1-AR118),0),"")	3	0.05	=IF(AND(ISNUMBER(AH118),AH118>0),"enabled","pending")	Owner approved 5% below approved retail, 3+ of this product. Business verification required. Not a supplier quote.
=IF(AND(ISNUMBER(AH119),AH119>0),ROUND(AH119*(1-AR119),0),"")	3	0.05	=IF(AND(ISNUMBER(AH119),AH119>0),"enabled","pending")	Owner approved 5% below approved retail, 3+ of this product. Business verification required. Not a supplier quote.
=IF(AND(ISNUMBER(AH120),AH120>0),ROUND(AH120*(1-AR120),0),"")	3	0.05	=IF(AND(ISNUMBER(AH120),AH120>0),"enabled","pending")	Owner approved 5% below approved retail, 3+ of this product. Business verification required. Not a supplier quote.
=IF(AND(ISNUMBER(AH121),AH121>0),ROUND(AH121*(1-AR121),0),"")	3	0.05	=IF(AND(ISNUMBER(AH121),AH121>0),"enabled","pending")	Owner approved 5% below approved retail, 3+ of this product. Business verification required. Not a supplier quote.
=IF(AND(ISNUMBER(AH122),AH122>0),ROUND(AH122*(1-AR122),0),"")	3	0.05	=IF(AND(ISNUMBER(AH122),AH122>0),"enabled","pending")	Owner approved 5% below approved retail, 3+ of this product. Business verification required. Not a supplier quote.
=IF(AND(ISNUMBER(AH123),AH123>0),ROUND(AH123*(1-AR123),0),"")	3	0.05	=IF(AND(ISNUMBER(AH123),AH123>0),"enabled","pending")	Owner approved 5% below approved retail, 3+ of this product. Business verification required. Not a supplier quote.
=IF(AND(ISNUMBER(AH124),AH124>0),ROUND(AH124*(1-AR124),0),"")	3	0.05	=IF(AND(ISNUMBER(AH124),AH124>0),"enabled","pending")	Owner approved 5% below approved retail, 3+ of this product. Business verification required. Not a supplier quote.
=IF(AND(ISNUMBER(AH125),AH125>0),ROUND(AH125*(1-AR125),0),"")	3	0.05	=IF(AND(ISNUMBER(AH125),AH125>0),"enabled","pending")	Owner approved 5% below approved retail, 3+ of this product. Business verification required. Not a supplier quote.
=IF(AND(ISNUMBER(AH126),AH126>0),ROUND(AH126*(1-AR126),0),"")	3	0.05	=IF(AND(ISNUMBER(AH126),AH126>0),"enabled","pending")	Owner approved 5% below approved retail, 3+ of this product. Business verification required. Not a supplier quote.
=IF(AND(ISNUMBER(AH127),AH127>0),ROUND(AH127*(1-AR127),0),"")	3	0.05	=IF(AND(ISNUMBER(AH127),AH127>0),"enabled","pending")	Owner approved 5% below approved retail, 3+ of this product. Business verification required. Not a supplier quote.
=IF(AND(ISNUMBER(AH128),AH128>0),ROUND(AH128*(1-AR128),0),"")	3	0.05	=IF(AND(ISNUMBER(AH128),AH128>0),"enabled","pending")	Owner approved 5% below approved retail, 3+ of this product. Business verification required. Not a supplier quote.
=IF(AND(ISNUMBER(AH129),AH129>0),ROUND(AH129*(1-AR129),0),"")	3	0.05	=IF(AND(ISNUMBER(AH129),AH129>0),"enabled","pending")	Owner approved 5% below approved retail, 3+ of this product. Business verification required. Not a supplier quote.
=IF(AND(ISNUMBER(AH130),AH130>0),ROUND(AH130*(1-AR130),0),"")	3	0.05	=IF(AND(ISNUMBER(AH130),AH130>0),"enabled","pending")	Owner approved 5% below approved retail, 3+ of this product. Business verification required. Not a supplier quote.
=IF(AND(ISNUMBER(AH131),AH131>0),ROUND(AH131*(1-AR131),0),"")	3	0.05	=IF(AND(ISNUMBER(AH131),AH131>0),"enabled","pending")	Owner approved 5% below approved retail, 3+ of this product. Business verification required. Not a supplier quote.
=IF(AND(ISNUMBER(AH132),AH132>0),ROUND(AH132*(1-AR132),0),"")	3	0.05	=IF(AND(ISNUMBER(AH132),AH132>0),"enabled","pending")	Owner approved 5% below approved retail, 3+ of this product. Business verification required. Not a supplier quote.
=IF(AND(ISNUMBER(AH133),AH133>0),ROUND(AH133*(1-AR133),0),"")	3	0.05	=IF(AND(ISNUMBER(AH133),AH133>0),"enabled","pending")	Owner approved 5% below approved retail, 3+ of this product. Business verification required. Not a supplier quote.
=IF(AND(ISNUMBER(AH134),AH134>0),ROUND(AH134*(1-AR134),0),"")	3	0.05	=IF(AND(ISNUMBER(AH134),AH134>0),"enabled","pending")	Owner approved 5% below approved retail, 3+ of this product. Business verification required. Not a supplier quote.
=IF(AND(ISNUMBER(AH135),AH135>0),ROUND(AH135*(1-AR135),0),"")	3	0.05	=IF(AND(ISNUMBER(AH135),AH135>0),"enabled","pending")	Owner approved 5% below approved retail, 3+ of this product. Business verification required. Not a supplier quote.
=IF(AND(ISNUMBER(AH136),AH136>0),ROUND(AH136*(1-AR136),0),"")	3	0.05	=IF(AND(ISNUMBER(AH136),AH136>0),"enabled","pending")	Owner approved 5% below approved retail, 3+ of this product. Business verification required. Not a supplier quote.
=IF(AND(ISNUMBER(AH137),AH137>0),ROUND(AH137*(1-AR137),0),"")	3	0.05	=IF(AND(ISNUMBER(AH137),AH137>0),"enabled","pending")	Owner approved 5% below approved retail, 3+ of this product. Business verification required. Not a supplier quote.
=IF(AND(ISNUMBER(AH138),AH138>0),ROUND(AH138*(1-AR138),0),"")	3	0.05	=IF(AND(ISNUMBER(AH138),AH138>0),"enabled","pending")	Owner approved 5% below approved retail, 3+ of this product. Business verification required. Not a supplier quote.
=IF(AND(ISNUMBER(AH139),AH139>0),ROUND(AH139*(1-AR139),0),"")	3	0.05	=IF(AND(ISNUMBER(AH139),AH139>0),"enabled","pending")	Owner approved 5% below approved retail, 3+ of this product. Business verification required. Not a supplier quote.
=IF(AND(ISNUMBER(AH140),AH140>0),ROUND(AH140*(1-AR140),0),"")	3	0.05	=IF(AND(ISNUMBER(AH140),AH140>0),"enabled","pending")	Owner approved 5% below approved retail, 3+ of this product. Business verification required. Not a supplier quote.
=IF(AND(ISNUMBER(AH141),AH141>0),ROUND(AH141*(1-AR141),0),"")	3	0.05	=IF(AND(ISNUMBER(AH141),AH141>0),"enabled","pending")	Owner approved 5% below approved retail, 3+ of this product. Business verification required. Not a supplier quote.
=IF(AND(ISNUMBER(AH142),AH142>0),ROUND(AH142*(1-AR142),0),"")	3	0.05	=IF(AND(ISNUMBER(AH142),AH142>0),"enabled","pending")	Owner approved 5% below approved retail, 3+ of this product. Business verification required. Not a supplier quote.
=IF(AND(ISNUMBER(AH143),AH143>0),ROUND(AH143*(1-AR143),0),"")	3	0.05	=IF(AND(ISNUMBER(AH143),AH143>0),"enabled","pending")	Owner approved 5% below approved retail, 3+ of this product. Business verification required. Not a supplier quote.
=IF(AND(ISNUMBER(AH144),AH144>0),ROUND(AH144*(1-AR144),0),"")	3	0.05	=IF(AND(ISNUMBER(AH144),AH144>0),"enabled","pending")	Owner approved 5% below approved retail, 3+ of this product. Business verification required. Not a supplier quote.
=IF(AND(ISNUMBER(AH145),AH145>0),ROUND(AH145*(1-AR145),0),"")	3	0.05	=IF(AND(ISNUMBER(AH145),AH145>0),"enabled","pending")	Owner approved 5% below approved retail, 3+ of this product. Business verification required. Not a supplier quote.
=IF(AND(ISNUMBER(AH146),AH146>0),ROUND(AH146*(1-AR146),0),"")	3	0.05	=IF(AND(ISNUMBER(AH146),AH146>0),"enabled","pending")	Owner approved 5% below approved retail, 3+ of this product. Business verification required. Not a supplier quote.
=IF(AND(ISNUMBER(AH147),AH147>0),ROUND(AH147*(1-AR147),0),"")	3	0.05	=IF(AND(ISNUMBER(AH147),AH147>0),"enabled","pending")	Owner approved 5% below approved retail, 3+ of this product. Business verification required. Not a supplier quote.
=IF(AND(ISNUMBER(AH148),AH148>0),ROUND(AH148*(1-AR148),0),"")	3	0.05	=IF(AND(ISNUMBER(AH148),AH148>0),"enabled","pending")	Owner approved 5% below approved retail, 3+ of this product. Business verification required. Not a supplier quote.
=IF(AND(ISNUMBER(AH149),AH149>0),ROUND(AH149*(1-AR149),0),"")	3	0.05	=IF(AND(ISNUMBER(AH149),AH149>0),"enabled","pending")	Owner approved 5% below approved retail, 3+ of this product. Business verification required. Not a supplier quote.
=IF(AND(ISNUMBER(AH150),AH150>0),ROUND(AH150*(1-AR150),0),"")	3	0.05	=IF(AND(ISNUMBER(AH150),AH150>0),"enabled","pending")	Owner approved 5% below approved retail, 3+ of this product. Business verification required. Not a supplier quote.
=IF(AND(ISNUMBER(AH151),AH151>0),ROUND(AH151*(1-AR151),0),"")	3	0.05	=IF(AND(ISNUMBER(AH151),AH151>0),"enabled","pending")	Owner approved 5% below approved retail, 3+ of this product. Business verification required. Not a supplier quote.
=IF(AND(ISNUMBER(AH152),AH152>0),ROUND(AH152*(1-AR152),0),"")	3	0.05	=IF(AND(ISNUMBER(AH152),AH152>0),"enabled","pending")	Owner approved 5% below approved retail, 3+ of this product. Business verification required. Not a supplier quote.
=IF(AND(ISNUMBER(AH153),AH153>0),ROUND(AH153*(1-AR153),0),"")	3	0.05	=IF(AND(ISNUMBER(AH153),AH153>0),"enabled","pending")	Owner approved 5% below approved retail, 3+ of this product. Business verification required. Not a supplier quote.
=IF(AND(ISNUMBER(AH154),AH154>0),ROUND(AH154*(1-AR154),0),"")	3	0.05	=IF(AND(ISNUMBER(AH154),AH154>0),"enabled","pending")	Owner approved 5% below approved retail, 3+ of this product. Business verification required. Not a supplier quote.
=IF(AND(ISNUMBER(AH155),AH155>0),ROUND(AH155*(1-AR155),0),"")	3	0.05	=IF(AND(ISNUMBER(AH155),AH155>0),"enabled","pending")	Owner approved 5% below approved retail, 3+ of this product. Business verification required. Not a supplier quote.
=IF(AND(ISNUMBER(AH156),AH156>0),ROUND(AH156*(1-AR156),0),"")	3	0.05	=IF(AND(ISNUMBER(AH156),AH156>0),"enabled","pending")	Owner approved 5% below approved retail, 3+ of this product. Business verification required. Not a supplier quote.
=IF(AND(ISNUMBER(AH157),AH157>0),ROUND(AH157*(1-AR157),0),"")	3	0.05	=IF(AND(ISNUMBER(AH157),AH157>0),"enabled","pending")	Owner approved 5% below approved retail, 3+ of this product. Business verification required. Not a supplier quote.
=IF(AND(ISNUMBER(AH158),AH158>0),ROUND(AH158*(1-AR158),0),"")	3	0.05	=IF(AND(ISNUMBER(AH158),AH158>0),"enabled","pending")	Owner approved 5% below approved retail, 3+ of this product. Business verification required. Not a supplier quote.
=IF(AND(ISNUMBER(AH159),AH159>0),ROUND(AH159*(1-AR159),0),"")	3	0.05	=IF(AND(ISNUMBER(AH159),AH159>0),"enabled","pending")	Owner approved 5% below approved retail, 3+ of this product. Business verification required. Not a supplier quote.
=IF(AND(ISNUMBER(AH160),AH160>0),ROUND(AH160*(1-AR160),0),"")	3	0.05	=IF(AND(ISNUMBER(AH160),AH160>0),"enabled","pending")	Owner approved 5% below approved retail, 3+ of this product. Business verification required. Not a supplier quote.
=IF(AND(ISNUMBER(AH161),AH161>0),ROUND(AH161*(1-AR161),0),"")	3	0.05	=IF(AND(ISNUMBER(AH161),AH161>0),"enabled","pending")	Owner approved 5% below approved retail, 3+ of this product. Business verification required. Not a supplier quote.
=IF(AND(ISNUMBER(AH162),AH162>0),ROUND(AH162*(1-AR162),0),"")	3	0.05	=IF(AND(ISNUMBER(AH162),AH162>0),"enabled","pending")	Owner approved 5% below approved retail, 3+ of this product. Business verification required. Not a supplier quote.
=IF(AND(ISNUMBER(AH163),AH163>0),ROUND(AH163*(1-AR163),0),"")	3	0.05	=IF(AND(ISNUMBER(AH163),AH163>0),"enabled","pending")	Owner approved 5% below approved retail, 3+ of this product. Business verification required. Not a supplier quote.
=IF(AND(ISNUMBER(AH164),AH164>0),ROUND(AH164*(1-AR164),0),"")	3	0.05	=IF(AND(ISNUMBER(AH164),AH164>0),"enabled","pending")	Owner approved 5% below approved retail, 3+ of this product. Business verification required. Not a supplier quote.
=IF(AND(ISNUMBER(AH165),AH165>0),ROUND(AH165*(1-AR165),0),"")	3	0.05	=IF(AND(ISNUMBER(AH165),AH165>0),"enabled","pending")	Owner approved 5% below approved retail, 3+ of this product. Business verification required. Not a supplier quote.
=IF(AND(ISNUMBER(AH166),AH166>0),ROUND(AH166*(1-AR166),0),"")	3	0.05	=IF(AND(ISNUMBER(AH166),AH166>0),"enabled","pending")	Owner approved 5% below approved retail, 3+ of this product. Business verification required. Not a supplier quote.
=IF(AND(ISNUMBER(AH167),AH167>0),ROUND(AH167*(1-AR167),0),"")	3	0.05	=IF(AND(ISNUMBER(AH167),AH167>0),"enabled","pending")	Owner approved 5% below approved retail, 3+ of this product. Business verification required. Not a supplier quote.
=IF(AND(ISNUMBER(AH168),AH168>0),ROUND(AH168*(1-AR168),0),"")	3	0.05	=IF(AND(ISNUMBER(AH168),AH168>0),"enabled","pending")	Owner approved 5% below approved retail, 3+ of this product. Business verification required. Not a supplier quote.
=IF(AND(ISNUMBER(AH169),AH169>0),ROUND(AH169*(1-AR169),0),"")	3	0.05	=IF(AND(ISNUMBER(AH169),AH169>0),"enabled","pending")	Owner approved 5% below approved retail, 3+ of this product. Business verification required. Not a supplier quote.
=IF(AND(ISNUMBER(AH170),AH170>0),ROUND(AH170*(1-AR170),0),"")	3	0.05	=IF(AND(ISNUMBER(AH170),AH170>0),"enabled","pending")	Owner approved 5% below approved retail, 3+ of this product. Business verification required. Not a supplier quote.
=IF(AND(ISNUMBER(AH171),AH171>0),ROUND(AH171*(1-AR171),0),"")	3	0.05	=IF(AND(ISNUMBER(AH171),AH171>0),"enabled","pending")	Owner approved 5% below approved retail, 3+ of this product. Business verification required. Not a supplier quote.
=IF(AND(ISNUMBER(AH172),AH172>0),ROUND(AH172*(1-AR172),0),"")	3	0.05	=IF(AND(ISNUMBER(AH172),AH172>0),"enabled","pending")	Owner approved 5% below approved retail, 3+ of this product. Business verification required. Not a supplier quote.
=IF(AND(ISNUMBER(AH173),AH173>0),ROUND(AH173*(1-AR173),0),"")	3	0.05	=IF(AND(ISNUMBER(AH173),AH173>0),"enabled","pending")	Owner approved 5% below approved retail, 3+ of this product. Business verification required. Not a supplier quote.
=IF(AND(ISNUMBER(AH174),AH174>0),ROUND(AH174*(1-AR174),0),"")	3	0.05	=IF(AND(ISNUMBER(AH174),AH174>0),"enabled","pending")	Owner approved 5% below approved retail, 3+ of this product. Business verification required. Not a supplier quote.
=IF(AND(ISNUMBER(AH175),AH175>0),ROUND(AH175*(1-AR175),0),"")	3	0.05	=IF(AND(ISNUMBER(AH175),AH175>0),"enabled","pending")	Owner approved 5% below approved retail, 3+ of this product. Business verification required. Not a supplier quote.
=IF(AND(ISNUMBER(AH176),AH176>0),ROUND(AH176*(1-AR176),0),"")	3	0.05	=IF(AND(ISNUMBER(AH176),AH176>0),"enabled","pending")	Owner approved 5% below approved retail, 3+ of this product. Business verification required. Not a supplier quote.
=IF(AND(ISNUMBER(AH177),AH177>0),ROUND(AH177*(1-AR177),0),"")	3	0.05	=IF(AND(ISNUMBER(AH177),AH177>0),"enabled","pending")	Owner approved 5% below approved retail, 3+ of this product. Business verification required. Not a supplier quote.
=IF(AND(ISNUMBER(AH178),AH178>0),ROUND(AH178*(1-AR178),0),"")	3	0.05	=IF(AND(ISNUMBER(AH178),AH178>0),"enabled","pending")	Owner approved 5% below approved retail, 3+ of this product. Business verification required. Not a supplier quote.
=IF(AND(ISNUMBER(AH179),AH179>0),ROUND(AH179*(1-AR179),0),"")	3	0.05	=IF(AND(ISNUMBER(AH179),AH179>0),"enabled","pending")	Owner approved 5% below approved retail, 3+ of this product. Business verification required. Not a supplier quote.
=IF(AND(ISNUMBER(AH180),AH180>0),ROUND(AH180*(1-AR180),0),"")	3	0.05	=IF(AND(ISNUMBER(AH180),AH180>0),"enabled","pending")	Owner approved 5% below approved retail, 3+ of this product. Business verification required. Not a supplier quote.
=IF(AND(ISNUMBER(AH181),AH181>0),ROUND(AH181*(1-AR181),0),"")	3	0.05	=IF(AND(ISNUMBER(AH181),AH181>0),"enabled","pending")	Owner approved 5% below approved retail, 3+ of this product. Business verification required. Not a supplier quote.
=IF(AND(ISNUMBER(AH182),AH182>0),ROUND(AH182*(1-AR182),0),"")	3	0.05	=IF(AND(ISNUMBER(AH182),AH182>0),"enabled","pending")	Owner approved 5% below approved retail, 3+ of this product. Business verification required. Not a supplier quote.
=IF(AND(ISNUMBER(AH183),AH183>0),ROUND(AH183*(1-AR183),0),"")	3	0.05	=IF(AND(ISNUMBER(AH183),AH183>0),"enabled","pending")	Owner approved 5% below approved retail, 3+ of this product. Business verification required. Not a supplier quote.
=IF(AND(ISNUMBER(AH184),AH184>0),ROUND(AH184*(1-AR184),0),"")	3	0.05	=IF(AND(ISNUMBER(AH184),AH184>0),"enabled","pending")	Owner approved 5% below approved retail, 3+ of this product. Business verification required. Not a supplier quote.
=IF(AND(ISNUMBER(AH185),AH185>0),ROUND(AH185*(1-AR185),0),"")	3	0.05	=IF(AND(ISNUMBER(AH185),AH185>0),"enabled","pending")	Owner approved 5% below approved retail, 3+ of this product. Business verification required. Not a supplier quote.
=IF(AND(ISNUMBER(AH186),AH186>0),ROUND(AH186*(1-AR186),0),"")	3	0.05	=IF(AND(ISNUMBER(AH186),AH186>0),"enabled","pending")	Owner approved 5% below approved retail, 3+ of this product. Business verification required. Not a supplier quote.
=IF(AND(ISNUMBER(AH187),AH187>0),ROUND(AH187*(1-AR187),0),"")	3	0.05	=IF(AND(ISNUMBER(AH187),AH187>0),"enabled","pending")	Owner approved 5% below approved retail, 3+ of this product. Business verification required. Not a supplier quote.
=IF(AND(ISNUMBER(AH188),AH188>0),ROUND(AH188*(1-AR188),0),"")	3	0.05	=IF(AND(ISNUMBER(AH188),AH188>0),"enabled","pending")	Owner approved 5% below approved retail, 3+ of this product. Business verification required. Not a supplier quote.
=IF(AND(ISNUMBER(AH189),AH189>0),ROUND(AH189*(1-AR189),0),"")	3	0.05	=IF(AND(ISNUMBER(AH189),AH189>0),"enabled","pending")	Owner approved 5% below approved retail, 3+ of this product. Business verification required. Not a supplier quote.
=IF(AND(ISNUMBER(AH190),AH190>0),ROUND(AH190*(1-AR190),0),"")	3	0.05	=IF(AND(ISNUMBER(AH190),AH190>0),"enabled","pending")	Owner approved 5% below approved retail, 3+ of this product. Business verification required. Not a supplier quote.
=IF(AND(ISNUMBER(AH191),AH191>0),ROUND(AH191*(1-AR191),0),"")	3	0.05	=IF(AND(ISNUMBER(AH191),AH191>0),"enabled","pending")	Owner approved 5% below approved retail, 3+ of this product. Business verification required. Not a supplier quote.
=IF(AND(ISNUMBER(AH192),AH192>0),ROUND(AH192*(1-AR192),0),"")	3	0.05	=IF(AND(ISNUMBER(AH192),AH192>0),"enabled","pending")	Owner approved 5% below approved retail, 3+ of this product. Business verification required. Not a supplier quote.
=IF(AND(ISNUMBER(AH193),AH193>0),ROUND(AH193*(1-AR193),0),"")	3	0.05	=IF(AND(ISNUMBER(AH193),AH193>0),"enabled","pending")	Owner approved 5% below approved retail, 3+ of this product. Business verification required. Not a supplier quote.
=IF(AND(ISNUMBER(AH194),AH194>0),ROUND(AH194*(1-AR194),0),"")	3	0.05	=IF(AND(ISNUMBER(AH194),AH194>0),"enabled","pending")	Owner approved 5% below approved retail, 3+ of this product. Business verification required. Not a supplier quote.
=IF(AND(ISNUMBER(AH195),AH195>0),ROUND(AH195*(1-AR195),0),"")	3	0.05	=IF(AND(ISNUMBER(AH195),AH195>0),"enabled","pending")	Owner approved 5% below approved retail, 3+ of this product. Business verification required. Not a supplier quote.
=IF(AND(ISNUMBER(AH196),AH196>0),ROUND(AH196*(1-AR196),0),"")	3	0.05	=IF(AND(ISNUMBER(AH196),AH196>0),"enabled","pending")	Owner approved 5% below approved retail, 3+ of this product. Business verification required. Not a supplier quote.
=IF(AND(ISNUMBER(AH197),AH197>0),ROUND(AH197*(1-AR197),0),"")	3	0.05	=IF(AND(ISNUMBER(AH197),AH197>0),"enabled","pending")	Owner approved 5% below approved retail, 3+ of this product. Business verification required. Not a supplier quote.
=IF(AND(ISNUMBER(AH198),AH198>0),ROUND(AH198*(1-AR198),0),"")	3	0.05	=IF(AND(ISNUMBER(AH198),AH198>0),"enabled","pending")	Owner approved 5% below approved retail, 3+ of this product. Business verification required. Not a supplier quote.
=IF(AND(ISNUMBER(AH199),AH199>0),ROUND(AH199*(1-AR199),0),"")	3	0.05	=IF(AND(ISNUMBER(AH199),AH199>0),"enabled","pending")	Owner approved 5% below approved retail, 3+ of this product. Business verification required. Not a supplier quote.
=IF(AND(ISNUMBER(AH200),AH200>0),ROUND(AH200*(1-AR200),0),"")	3	0.05	=IF(AND(ISNUMBER(AH200),AH200>0),"enabled","pending")	Owner approved 5% below approved retail, 3+ of this product. Business verification required. Not a supplier quote.
=IF(AND(ISNUMBER(AH201),AH201>0),ROUND(AH201*(1-AR201),0),"")	3	0.05	=IF(AND(ISNUMBER(AH201),AH201>0),"enabled","pending")	Owner approved 5% below approved retail, 3+ of this product. Business verification required. Not a supplier quote.
=IF(AND(ISNUMBER(AH202),AH202>0),ROUND(AH202*(1-AR202),0),"")	3	0.05	=IF(AND(ISNUMBER(AH202),AH202>0),"enabled","pending")	Owner approved 5% below approved retail, 3+ of this product. Business verification required. Not a supplier quote.
=IF(AND(ISNUMBER(AH203),AH203>0),ROUND(AH203*(1-AR203),0),"")	3	0.05	=IF(AND(ISNUMBER(AH203),AH203>0),"enabled","pending")	Owner approved 5% below approved retail, 3+ of this product. Business verification required. Not a supplier quote.
=IF(AND(ISNUMBER(AH204),AH204>0),ROUND(AH204*(1-AR204),0),"")	3	0.05	=IF(AND(ISNUMBER(AH204),AH204>0),"enabled","pending")	Owner approved 5% below approved retail, 3+ of this product. Business verification required. Not a supplier quote.
=IF(AND(ISNUMBER(AH205),AH205>0),ROUND(AH205*(1-AR205),0),"")	3	0.05	=IF(AND(ISNUMBER(AH205),AH205>0),"enabled","pending")	Owner approved 5% below approved retail, 3+ of this product. Business verification required. Not a supplier quote.
=IF(AND(ISNUMBER(AH206),AH206>0),ROUND(AH206*(1-AR206),0),"")	3	0.05	=IF(AND(ISNUMBER(AH206),AH206>0),"enabled","pending")	Owner approved 5% below approved retail, 3+ of this product. Business verification required. Not a supplier quote.
=IF(AND(ISNUMBER(AH207),AH207>0),ROUND(AH207*(1-AR207),0),"")	3	0.05	=IF(AND(ISNUMBER(AH207),AH207>0),"enabled","pending")	Owner approved 5% below approved retail, 3+ of this product. Business verification required. Not a supplier quote.
=IF(AND(ISNUMBER(AH208),AH208>0),ROUND(AH208*(1-AR208),0),"")	3	0.05	=IF(AND(ISNUMBER(AH208),AH208>0),"enabled","pending")	Owner approved 5% below approved retail, 3+ of this product. Business verification required. Not a supplier quote.
=IF(AND(ISNUMBER(AH209),AH209>0),ROUND(AH209*(1-AR209),0),"")	3	0.05	=IF(AND(ISNUMBER(AH209),AH209>0),"enabled","pending")	Owner approved 5% below approved retail, 3+ of this product. Business verification required. Not a supplier quote.
=IF(AND(ISNUMBER(AH210),AH210>0),ROUND(AH210*(1-AR210),0),"")	3	0.05	=IF(AND(ISNUMBER(AH210),AH210>0),"enabled","pending")	Owner approved 5% below approved retail, 3+ of this product. Business verification required. Not a supplier quote.
=IF(AND(ISNUMBER(AH211),AH211>0),ROUND(AH211*(1-AR211),0),"")	3	0.05	=IF(AND(ISNUMBER(AH211),AH211>0),"enabled","pending")	Owner approved 5% below approved retail, 3+ of this product. Business verification required. Not a supplier quote.
=IF(AND(ISNUMBER(AH212),AH212>0),ROUND(AH212*(1-AR212),0),"")	3	0.05	=IF(AND(ISNUMBER(AH212),AH212>0),"enabled","pending")	Owner approved 5% below approved retail, 3+ of this product. Business verification required. Not a supplier quote.
=IF(AND(ISNUMBER(AH213),AH213>0),ROUND(AH213*(1-AR213),0),"")	3	0.05	=IF(AND(ISNUMBER(AH213),AH213>0),"enabled","pending")	Owner approved 5% below approved retail, 3+ of this product. Business verification required. Not a supplier quote.
=IF(AND(ISNUMBER(AH214),AH214>0),ROUND(AH214*(1-AR214),0),"")	3	0.05	=IF(AND(ISNUMBER(AH214),AH214>0),"enabled","pending")	Owner approved 5% below approved retail, 3+ of this product. Business verification required. Not a supplier quote.
=IF(AND(ISNUMBER(AH215),AH215>0),ROUND(AH215*(1-AR215),0),"")	3	0.05	=IF(AND(ISNUMBER(AH215),AH215>0),"enabled","pending")	Owner approved 5% below approved retail, 3+ of this product. Business verification required. Not a supplier quote.
=IF(AND(ISNUMBER(AH216),AH216>0),ROUND(AH216*(1-AR216),0),"")	3	0.05	=IF(AND(ISNUMBER(AH216),AH216>0),"enabled","pending")	Owner approved 5% below approved retail, 3+ of this product. Business verification required. Not a supplier quote.
=IF(AND(ISNUMBER(AH217),AH217>0),ROUND(AH217*(1-AR217),0),"")	3	0.05	=IF(AND(ISNUMBER(AH217),AH217>0),"enabled","pending")	Owner approved 5% below approved retail, 3+ of this product. Business verification required. Not a supplier quote.
=IF(AND(ISNUMBER(AH218),AH218>0),ROUND(AH218*(1-AR218),0),"")	3	0.05	=IF(AND(ISNUMBER(AH218),AH218>0),"enabled","pending")	Owner approved 5% below approved retail, 3+ of this product. Business verification required. Not a supplier quote.
=IF(AND(ISNUMBER(AH219),AH219>0),ROUND(AH219*(1-AR219),0),"")	3	0.05	=IF(AND(ISNUMBER(AH219),AH219>0),"enabled","pending")	Owner approved 5% below approved retail, 3+ of this product. Business verification required. Not a supplier quote.
=IF(AND(ISNUMBER(AH220),AH220>0),ROUND(AH220*(1-AR220),0),"")	3	0.05	=IF(AND(ISNUMBER(AH220),AH220>0),"enabled","pending")	Owner approved 5% below approved retail, 3+ of this product. Business verification required. Not a supplier quote.
=IF(AND(ISNUMBER(AH221),AH221>0),ROUND(AH221*(1-AR221),0),"")	3	0.05	=IF(AND(ISNUMBER(AH221),AH221>0),"enabled","pending")	Owner approved 5% below approved retail, 3+ of this product. Business verification required. Not a supplier quote.
=IF(AND(ISNUMBER(AH222),AH222>0),ROUND(AH222*(1-AR222),0),"")	3	0.05	=IF(AND(ISNUMBER(AH222),AH222>0),"enabled","pending")	Owner approved 5% below approved retail, 3+ of this product. Business verification required. Not a supplier quote.
=IF(AND(ISNUMBER(AH223),AH223>0),ROUND(AH223*(1-AR223),0),"")	3	0.05	=IF(AND(ISNUMBER(AH223),AH223>0),"enabled","pending")	Owner approved 5% below approved retail, 3+ of this product. Business verification required. Not a supplier quote.
=IF(AND(ISNUMBER(AH224),AH224>0),ROUND(AH224*(1-AR224),0),"")	3	0.05	=IF(AND(ISNUMBER(AH224),AH224>0),"enabled","pending")	Owner approved 5% below approved retail, 3+ of this product. Business verification required. Not a supplier quote.
=IF(AND(ISNUMBER(AH225),AH225>0),ROUND(AH225*(1-AR225),0),"")	3	0.05	=IF(AND(ISNUMBER(AH225),AH225>0),"enabled","pending")	Owner approved 5% below approved retail, 3+ of this product. Business verification required. Not a supplier quote.
=IF(AND(ISNUMBER(AH226),AH226>0),ROUND(AH226*(1-AR226),0),"")	3	0.05	=IF(AND(ISNUMBER(AH226),AH226>0),"enabled","pending")	Owner approved 5% below approved retail, 3+ of this product. Business verification required. Not a supplier quote.
=IF(AND(ISNUMBER(AH227),AH227>0),ROUND(AH227*(1-AR227),0),"")	3	0.05	=IF(AND(ISNUMBER(AH227),AH227>0),"enabled","pending")	Owner approved 5% below approved retail, 3+ of this product. Business verification required. Not a supplier quote.
=IF(AND(ISNUMBER(AH228),AH228>0),ROUND(AH228*(1-AR228),0),"")	3	0.05	=IF(AND(ISNUMBER(AH228),AH228>0),"enabled","pending")	Owner approved 5% below approved retail, 3+ of this product. Business verification required. Not a supplier quote.
=IF(AND(ISNUMBER(AH229),AH229>0),ROUND(AH229*(1-AR229),0),"")	3	0.05	=IF(AND(ISNUMBER(AH229),AH229>0),"enabled","pending")	Owner approved 5% below approved retail, 3+ of this product. Business verification required. Not a supplier quote.
=IF(AND(ISNUMBER(AH230),AH230>0),ROUND(AH230*(1-AR230),0),"")	3	0.05	=IF(AND(ISNUMBER(AH230),AH230>0),"enabled","pending")	Owner approved 5% below approved retail, 3+ of this product. Business verification required. Not a supplier quote.
=IF(AND(ISNUMBER(AH231),AH231>0),ROUND(AH231*(1-AR231),0),"")	3	0.05	=IF(AND(ISNUMBER(AH231),AH231>0),"enabled","pending")	Owner approved 5% below approved retail, 3+ of this product. Business verification required. Not a supplier quote.
=IF(AND(ISNUMBER(AH232),AH232>0),ROUND(AH232*(1-AR232),0),"")	3	0.05	=IF(AND(ISNUMBER(AH232),AH232>0),"enabled","pending")	Owner approved 5% below approved retail, 3+ of this product. Business verification required. Not a supplier quote.
=IF(AND(ISNUMBER(AH233),AH233>0),ROUND(AH233*(1-AR233),0),"")	3	0.05	=IF(AND(ISNUMBER(AH233),AH233>0),"enabled","pending")	Owner approved 5% below approved retail, 3+ of this product. Business verification required. Not a supplier quote.
=IF(AND(ISNUMBER(AH234),AH234>0),ROUND(AH234*(1-AR234),0),"")	3	0.05	=IF(AND(ISNUMBER(AH234),AH234>0),"enabled","pending")	Owner approved 5% below approved retail, 3+ of this product. Business verification required. Not a supplier quote.
=IF(AND(ISNUMBER(AH235),AH235>0),ROUND(AH235*(1-AR235),0),"")	3	0.05	=IF(AND(ISNUMBER(AH235),AH235>0),"enabled","pending")	Owner approved 5% below approved retail, 3+ of this product. Business verification required. Not a supplier quote.
=IF(AND(ISNUMBER(AH236),AH236>0),ROUND(AH236*(1-AR236),0),"")	3	0.05	=IF(AND(ISNUMBER(AH236),AH236>0),"enabled","pending")	Owner approved 5% below approved retail, 3+ of this product. Business verification required. Not a supplier quote.
=IF(AND(ISNUMBER(AH237),AH237>0),ROUND(AH237*(1-AR237),0),"")	3	0.05	=IF(AND(ISNUMBER(AH237),AH237>0),"enabled","pending")	Owner approved 5% below approved retail, 3+ of this product. Business verification required. Not a supplier quote.
=IF(AND(ISNUMBER(AH238),AH238>0),ROUND(AH238*(1-AR238),0),"")	3	0.05	=IF(AND(ISNUMBER(AH238),AH238>0),"enabled","pending")	Owner approved 5% below approved retail, 3+ of this product. Business verification required. Not a supplier quote.
=IF(AND(ISNUMBER(AH239),AH239>0),ROUND(AH239*(1-AR239),0),"")	3	0.05	=IF(AND(ISNUMBER(AH239),AH239>0),"enabled","pending")	Owner approved 5% below approved retail, 3+ of this product. Business verification required. Not a supplier quote.
=IF(AND(ISNUMBER(AH240),AH240>0),ROUND(AH240*(1-AR240),0),"")	3	0.05	=IF(AND(ISNUMBER(AH240),AH240>0),"enabled","pending")	Owner approved 5% below approved retail, 3+ of this product. Business verification required. Not a supplier quote.
=IF(AND(ISNUMBER(AH241),AH241>0),ROUND(AH241*(1-AR241),0),"")	3	0.05	=IF(AND(ISNUMBER(AH241),AH241>0),"enabled","pending")	Owner approved 5% below approved retail, 3+ of this product. Business verification required. Not a supplier quote.
=IF(AND(ISNUMBER(AH242),AH242>0),ROUND(AH242*(1-AR242),0),"")	3	0.05	=IF(AND(ISNUMBER(AH242),AH242>0),"enabled","pending")	Owner approved 5% below approved retail, 3+ of this product. Business verification required. Not a supplier quote.
=IF(AND(ISNUMBER(AH243),AH243>0),ROUND(AH243*(1-AR243),0),"")	3	0.05	=IF(AND(ISNUMBER(AH243),AH243>0),"enabled","pending")	Owner approved 5% below approved retail, 3+ of this product. Business verification required. Not a supplier quote.
=IF(AND(ISNUMBER(AH244),AH244>0),ROUND(AH244*(1-AR244),0),"")	3	0.05	=IF(AND(ISNUMBER(AH244),AH244>0),"enabled","pending")	Owner approved 5% below approved retail, 3+ of this product. Business verification required. Not a supplier quote.
=IF(AND(ISNUMBER(AH245),AH245>0),ROUND(AH245*(1-AR245),0),"")	3	0.05	=IF(AND(ISNUMBER(AH245),AH245>0),"enabled","pending")	Owner approved 5% below approved retail, 3+ of this product. Business verification required. Not a supplier quote.
=IF(AND(ISNUMBER(AH246),AH246>0),ROUND(AH246*(1-AR246),0),"")	3	0.05	=IF(AND(ISNUMBER(AH246),AH246>0),"enabled","pending")	Owner approved 5% below approved retail, 3+ of this product. Business verification required. Not a supplier quote.
=IF(AND(ISNUMBER(AH247),AH247>0),ROUND(AH247*(1-AR247),0),"")	3	0.05	=IF(AND(ISNUMBER(AH247),AH247>0),"enabled","pending")	Owner approved 5% below approved retail, 3+ of this product. Business verification required. Not a supplier quote.
=IF(AND(ISNUMBER(AH248),AH248>0),ROUND(AH248*(1-AR248),0),"")	3	0.05	=IF(AND(ISNUMBER(AH248),AH248>0),"enabled","pending")	Owner approved 5% below approved retail, 3+ of this product. Business verification required. Not a supplier quote.
=IF(AND(ISNUMBER(AH249),AH249>0),ROUND(AH249*(1-AR249),0),"")	3	0.05	=IF(AND(ISNUMBER(AH249),AH249>0),"enabled","pending")	Owner approved 5% below approved retail, 3+ of this product. Business verification required. Not a supplier quote.
=IF(AND(ISNUMBER(AH250),AH250>0),ROUND(AH250*(1-AR250),0),"")	3	0.05	=IF(AND(ISNUMBER(AH250),AH250>0),"enabled","pending")	Owner approved 5% below approved retail, 3+ of this product. Business verification required. Not a supplier quote.
=IF(AND(ISNUMBER(AH251),AH251>0),ROUND(AH251*(1-AR251),0),"")	3	0.05	=IF(AND(ISNUMBER(AH251),AH251>0),"enabled","pending")	Owner approved 5% below approved retail, 3+ of this product. Business verification required. Not a supplier quote.
=IF(AND(ISNUMBER(AH252),AH252>0),ROUND(AH252*(1-AR252),0),"")	3	0.05	=IF(AND(ISNUMBER(AH252),AH252>0),"enabled","pending")	Owner approved 5% below approved retail, 3+ of this product. Business verification required. Not a supplier quote.
=IF(AND(ISNUMBER(AH253),AH253>0),ROUND(AH253*(1-AR253),0),"")	3	0.05	=IF(AND(ISNUMBER(AH253),AH253>0),"enabled","pending")	Owner approved 5% below approved retail, 3+ of this product. Business verification required. Not a supplier quote.
=IF(AND(ISNUMBER(AH254),AH254>0),ROUND(AH254*(1-AR254),0),"")	3	0.05	=IF(AND(ISNUMBER(AH254),AH254>0),"enabled","pending")	Owner approved 5% below approved retail, 3+ of this product. Business verification required. Not a supplier quote.
=IF(AND(ISNUMBER(AH255),AH255>0),ROUND(AH255*(1-AR255),0),"")	3	0.05	=IF(AND(ISNUMBER(AH255),AH255>0),"enabled","pending")	Owner approved 5% below approved retail, 3+ of this product. Business verification required. Not a supplier quote.
=IF(AND(ISNUMBER(AH256),AH256>0),ROUND(AH256*(1-AR256),0),"")	3	0.05	=IF(AND(ISNUMBER(AH256),AH256>0),"enabled","pending")	Owner approved 5% below approved retail, 3+ of this product. Business verification required. Not a supplier quote.
=IF(AND(ISNUMBER(AH257),AH257>0),ROUND(AH257*(1-AR257),0),"")	3	0.05	=IF(AND(ISNUMBER(AH257),AH257>0),"enabled","pending")	Owner approved 5% below approved retail, 3+ of this product. Business verification required. Not a supplier quote.
=IF(AND(ISNUMBER(AH258),AH258>0),ROUND(AH258*(1-AR258),0),"")	3	0.05	=IF(AND(ISNUMBER(AH258),AH258>0),"enabled","pending")	Owner approved 5% below approved retail, 3+ of this product. Business verification required. Not a supplier quote.
=IF(AND(ISNUMBER(AH259),AH259>0),ROUND(AH259*(1-AR259),0),"")	3	0.05	=IF(AND(ISNUMBER(AH259),AH259>0),"enabled","pending")	Owner approved 5% below approved retail, 3+ of this product. Business verification required. Not a supplier quote.
=IF(AND(ISNUMBER(AH260),AH260>0),ROUND(AH260*(1-AR260),0),"")	3	0.05	=IF(AND(ISNUMBER(AH260),AH260>0),"enabled","pending")	Owner approved 5% below approved retail, 3+ of this product. Business verification required. Not a supplier quote.
=IF(AND(ISNUMBER(AH261),AH261>0),ROUND(AH261*(1-AR261),0),"")	3	0.05	=IF(AND(ISNUMBER(AH261),AH261>0),"enabled","pending")	Owner approved 5% below approved retail, 3+ of this product. Business verification required. Not a supplier quote.
=IF(AND(ISNUMBER(AH262),AH262>0),ROUND(AH262*(1-AR262),0),"")	3	0.05	=IF(AND(ISNUMBER(AH262),AH262>0),"enabled","pending")	Owner approved 5% below approved retail, 3+ of this product. Business verification required. Not a supplier quote.
=IF(AND(ISNUMBER(AH263),AH263>0),ROUND(AH263*(1-AR263),0),"")	3	0.05	=IF(AND(ISNUMBER(AH263),AH263>0),"enabled","pending")	Owner approved 5% below approved retail, 3+ of this product. Business verification required. Not a supplier quote.
=IF(AND(ISNUMBER(AH264),AH264>0),ROUND(AH264*(1-AR264),0),"")	3	0.05	=IF(AND(ISNUMBER(AH264),AH264>0),"enabled","pending")	Owner approved 5% below approved retail, 3+ of this product. Business verification required. Not a supplier quote.
=IF(AND(ISNUMBER(AH265),AH265>0),ROUND(AH265*(1-AR265),0),"")	3	0.05	=IF(AND(ISNUMBER(AH265),AH265>0),"enabled","pending")	Owner approved 5% below approved retail, 3+ of this product. Business verification required. Not a supplier quote.
=IF(AND(ISNUMBER(AH266),AH266>0),ROUND(AH266*(1-AR266),0),"")	3	0.05	=IF(AND(ISNUMBER(AH266),AH266>0),"enabled","pending")	Owner approved 5% below approved retail, 3+ of this product. Business verification required. Not a supplier quote.
=IF(AND(ISNUMBER(AH267),AH267>0),ROUND(AH267*(1-AR267),0),"")	3	0.05	=IF(AND(ISNUMBER(AH267),AH267>0),"enabled","pending")	Owner approved 5% below approved retail, 3+ of this product. Business verification required. Not a supplier quote.
=IF(AND(ISNUMBER(AH268),AH268>0),ROUND(AH268*(1-AR268),0),"")	3	0.05	=IF(AND(ISNUMBER(AH268),AH268>0),"enabled","pending")	Owner approved 5% below approved retail, 3+ of this product. Business verification required. Not a supplier quote.
=IF(AND(ISNUMBER(AH269),AH269>0),ROUND(AH269*(1-AR269),0),"")	3	0.05	=IF(AND(ISNUMBER(AH269),AH269>0),"enabled","pending")	Owner approved 5% below approved retail, 3+ of this product. Business verification required. Not a supplier quote.
=IF(AND(ISNUMBER(AH270),AH270>0),ROUND(AH270*(1-AR270),0),"")	3	0.05	=IF(AND(ISNUMBER(AH270),AH270>0),"enabled","pending")	Owner approved 5% below approved retail, 3+ of this product. Business verification required. Not a supplier quote.
=IF(AND(ISNUMBER(AH271),AH271>0),ROUND(AH271*(1-AR271),0),"")	3	0.05	=IF(AND(ISNUMBER(AH271),AH271>0),"enabled","pending")	Owner approved 5% below approved retail, 3+ of this product. Business verification required. Not a supplier quote.
=IF(AND(ISNUMBER(AH272),AH272>0),ROUND(AH272*(1-AR272),0),"")	3	0.05	=IF(AND(ISNUMBER(AH272),AH272>0),"enabled","pending")	Owner approved 5% below approved retail, 3+ of this product. Business verification required. Not a supplier quote.
=IF(AND(ISNUMBER(AH273),AH273>0),ROUND(AH273*(1-AR273),0),"")	3	0.05	=IF(AND(ISNUMBER(AH273),AH273>0),"enabled","pending")	Owner approved 5% below approved retail, 3+ of this product. Business verification required. Not a supplier quote.
=IF(AND(ISNUMBER(AH274),AH274>0),ROUND(AH274*(1-AR274),0),"")	3	0.05	=IF(AND(ISNUMBER(AH274),AH274>0),"enabled","pending")	Owner approved 5% below approved retail, 3+ of this product. Business verification required. Not a supplier quote.
=IF(AND(ISNUMBER(AH275),AH275>0),ROUND(AH275*(1-AR275),0),"")	3	0.05	=IF(AND(ISNUMBER(AH275),AH275>0),"enabled","pending")	Owner approved 5% below approved retail, 3+ of this product. Business verification required. Not a supplier quote.
=IF(AND(ISNUMBER(AH276),AH276>0),ROUND(AH276*(1-AR276),0),"")	3	0.05	=IF(AND(ISNUMBER(AH276),AH276>0),"enabled","pending")	Owner approved 5% below approved retail, 3+ of this product. Business verification required. Not a supplier quote.
=IF(AND(ISNUMBER(AH277),AH277>0),ROUND(AH277*(1-AR277),0),"")	3	0.05	=IF(AND(ISNUMBER(AH277),AH277>0),"enabled","pending")	Owner approved 5% below approved retail, 3+ of this product. Business verification required. Not a supplier quote.
=IF(AND(ISNUMBER(AH278),AH278>0),ROUND(AH278*(1-AR278),0),"")	3	0.05	=IF(AND(ISNUMBER(AH278),AH278>0),"enabled","pending")	Owner approved 5% below approved retail, 3+ of this product. Business verification required. Not a supplier quote.
=IF(AND(ISNUMBER(AH279),AH279>0),ROUND(AH279*(1-AR279),0),"")	3	0.05	=IF(AND(ISNUMBER(AH279),AH279>0),"enabled","pending")	Owner approved 5% below approved retail, 3+ of this product. Business verification required. Not a supplier quote.
=IF(AND(ISNUMBER(AH280),AH280>0),ROUND(AH280*(1-AR280),0),"")	3	0.05	=IF(AND(ISNUMBER(AH280),AH280>0),"enabled","pending")	Owner approved 5% below approved retail, 3+ of this product. Business verification required. Not a supplier quote.
=IF(AND(ISNUMBER(AH281),AH281>0),ROUND(AH281*(1-AR281),0),"")	3	0.05	=IF(AND(ISNUMBER(AH281),AH281>0),"enabled","pending")	Owner approved 5% below approved retail, 3+ of this product. Business verification required. Not a supplier quote.
=IF(AND(ISNUMBER(AH282),AH282>0),ROUND(AH282*(1-AR282),0),"")	3	0.05	=IF(AND(ISNUMBER(AH282),AH282>0),"enabled","pending")	Owner approved 5% below approved retail, 3+ of this product. Business verification required. Not a supplier quote.
=IF(AND(ISNUMBER(AH283),AH283>0),ROUND(AH283*(1-AR283),0),"")	3	0.05	=IF(AND(ISNUMBER(AH283),AH283>0),"enabled","pending")	Owner approved 5% below approved retail, 3+ of this product. Business verification required. Not a supplier quote.
=IF(AND(ISNUMBER(AH284),AH284>0),ROUND(AH284*(1-AR284),0),"")	3	0.05	=IF(AND(ISNUMBER(AH284),AH284>0),"enabled","pending")	Owner approved 5% below approved retail, 3+ of this product. Business verification required. Not a supplier quote.
=IF(AND(ISNUMBER(AH285),AH285>0),ROUND(AH285*(1-AR285),0),"")	3	0.05	=IF(AND(ISNUMBER(AH285),AH285>0),"enabled","pending")	Owner approved 5% below approved retail, 3+ of this product. Business verification required. Not a supplier quote.
=IF(AND(ISNUMBER(AH286),AH286>0),ROUND(AH286*(1-AR286),0),"")	3	0.05	=IF(AND(ISNUMBER(AH286),AH286>0),"enabled","pending")	Owner approved 5% below approved retail, 3+ of this product. Business verification required. Not a supplier quote.
=IF(AND(ISNUMBER(AH287),AH287>0),ROUND(AH287*(1-AR287),0),"")	3	0.05	=IF(AND(ISNUMBER(AH287),AH287>0),"enabled","pending")	Owner approved 5% below approved retail, 3+ of this product. Business verification required. Not a supplier quote.
=IF(AND(ISNUMBER(AH288),AH288>0),ROUND(AH288*(1-AR288),0),"")	3	0.05	=IF(AND(ISNUMBER(AH288),AH288>0),"enabled","pending")	Owner approved 5% below approved retail, 3+ of this product. Business verification required. Not a supplier quote.
=IF(AND(ISNUMBER(AH289),AH289>0),ROUND(AH289*(1-AR289),0),"")	3	0.05	=IF(AND(ISNUMBER(AH289),AH289>0),"enabled","pending")	Owner approved 5% below approved retail, 3+ of this product. Business verification required. Not a supplier quote.
=IF(AND(ISNUMBER(AH290),AH290>0),ROUND(AH290*(1-AR290),0),"")	3	0.05	=IF(AND(ISNUMBER(AH290),AH290>0),"enabled","pending")	Owner approved 5% below approved retail, 3+ of this product. Business verification required. Not a supplier quote.
=IF(AND(ISNUMBER(AH291),AH291>0),ROUND(AH291*(1-AR291),0),"")	3	0.05	=IF(AND(ISNUMBER(AH291),AH291>0),"enabled","pending")	Owner approved 5% below approved retail, 3+ of this product. Business verification required. Not a supplier quote.
=IF(AND(ISNUMBER(AH292),AH292>0),ROUND(AH292*(1-AR292),0),"")	3	0.05	=IF(AND(ISNUMBER(AH292),AH292>0),"enabled","pending")	Owner approved 5% below approved retail, 3+ of this product. Business verification required. Not a supplier quote.
=IF(AND(ISNUMBER(AH293),AH293>0),ROUND(AH293*(1-AR293),0),"")	3	0.05	=IF(AND(ISNUMBER(AH293),AH293>0),"enabled","pending")	Owner approved 5% below approved retail, 3+ of this product. Business verification required. Not a supplier quote.
=IF(AND(ISNUMBER(AH294),AH294>0),ROUND(AH294*(1-AR294),0),"")	3	0.05	=IF(AND(ISNUMBER(AH294),AH294>0),"enabled","pending")	Owner approved 5% below approved retail, 3+ of this product. Business verification required. Not a supplier quote.
=IF(AND(ISNUMBER(AH295),AH295>0),ROUND(AH295*(1-AR295),0),"")	3	0.05	=IF(AND(ISNUMBER(AH295),AH295>0),"enabled","pending")	Owner approved 5% below approved retail, 3+ of this product. Business verification required. Not a supplier quote.
=IF(AND(ISNUMBER(AH296),AH296>0),ROUND(AH296*(1-AR296),0),"")	3	0.05	=IF(AND(ISNUMBER(AH296),AH296>0),"enabled","pending")	Owner approved 5% below approved retail, 3+ of this product. Business verification required. Not a supplier quote.
=IF(AND(ISNUMBER(AH297),AH297>0),ROUND(AH297*(1-AR297),0),"")	3	0.05	=IF(AND(ISNUMBER(AH297),AH297>0),"enabled","pending")	Owner approved 5% below approved retail, 3+ of this product. Business verification required. Not a supplier quote.
=IF(AND(ISNUMBER(AH298),AH298>0),ROUND(AH298*(1-AR298),0),"")	3	0.05	=IF(AND(ISNUMBER(AH298),AH298>0),"enabled","pending")	Owner approved 5% below approved retail, 3+ of this product. Business verification required. Not a supplier quote.
=IF(AND(ISNUMBER(AH299),AH299>0),ROUND(AH299*(1-AR299),0),"")	3	0.05	=IF(AND(ISNUMBER(AH299),AH299>0),"enabled","pending")	Owner approved 5% below approved retail, 3+ of this product. Business verification required. Not a supplier quote.
=IF(AND(ISNUMBER(AH300),AH300>0),ROUND(AH300*(1-AR300),0),"")	3	0.05	=IF(AND(ISNUMBER(AH300),AH300>0),"enabled","pending")	Owner approved 5% below approved retail, 3+ of this product. Business verification required. Not a supplier quote.
=IF(AND(ISNUMBER(AH301),AH301>0),ROUND(AH301*(1-AR301),0),"")	3	0.05	=IF(AND(ISNUMBER(AH301),AH301>0),"enabled","pending")	Owner approved 5% below approved retail, 3+ of this product. Business verification required. Not a supplier quote.
=IF(AND(ISNUMBER(AH302),AH302>0),ROUND(AH302*(1-AR302),0),"")	3	0.05	=IF(AND(ISNUMBER(AH302),AH302>0),"enabled","pending")	Owner approved 5% below approved retail, 3+ of this product. Business verification required. Not a supplier quote.
=IF(AND(ISNUMBER(AH303),AH303>0),ROUND(AH303*(1-AR303),0),"")	3	0.05	=IF(AND(ISNUMBER(AH303),AH303>0),"enabled","pending")	Owner approved 5% below approved retail, 3+ of this product. Business verification required. Not a supplier quote.
=IF(AND(ISNUMBER(AH304),AH304>0),ROUND(AH304*(1-AR304),0),"")	3	0.05	=IF(AND(ISNUMBER(AH304),AH304>0),"enabled","pending")	Owner approved 5% below approved retail, 3+ of this product. Business verification required. Not a supplier quote.
=IF(AND(ISNUMBER(AH305),AH305>0),ROUND(AH305*(1-AR305),0),"")	3	0.05	=IF(AND(ISNUMBER(AH305),AH305>0),"enabled","pending")	Owner approved 5% below approved retail, 3+ of this product. Business verification required. Not a supplier quote.
=IF(AND(ISNUMBER(AH306),AH306>0),ROUND(AH306*(1-AR306),0),"")	3	0.05	=IF(AND(ISNUMBER(AH306),AH306>0),"enabled","pending")	Owner approved 5% below approved retail, 3+ of this product. Business verification required. Not a supplier quote.
=IF(AND(ISNUMBER(AH307),AH307>0),ROUND(AH307*(1-AR307),0),"")	3	0.05	=IF(AND(ISNUMBER(AH307),AH307>0),"enabled","pending")	Owner approved 5% below approved retail, 3+ of this product. Business verification required. Not a supplier quote.
=IF(AND(ISNUMBER(AH308),AH308>0),ROUND(AH308*(1-AR308),0),"")	3	0.05	=IF(AND(ISNUMBER(AH308),AH308>0),"enabled","pending")	Owner approved 5% below approved retail, 3+ of this product. Business verification required. Not a supplier quote.
=IF(AND(ISNUMBER(AH309),AH309>0),ROUND(AH309*(1-AR309),0),"")	3	0.05	=IF(AND(ISNUMBER(AH309),AH309>0),"enabled","pending")	Owner approved 5% below approved retail, 3+ of this product. Business verification required. Not a supplier quote.
=IF(AND(ISNUMBER(AH310),AH310>0),ROUND(AH310*(1-AR310),0),"")	3	0.05	=IF(AND(ISNUMBER(AH310),AH310>0),"enabled","pending")	Owner approved 5% below approved retail, 3+ of this product. Business verification required. Not a supplier quote.
=IF(AND(ISNUMBER(AH311),AH311>0),ROUND(AH311*(1-AR311),0),"")	3	0.05	=IF(AND(ISNUMBER(AH311),AH311>0),"enabled","pending")	Owner approved 5% below approved retail, 3+ of this product. Business verification required. Not a supplier quote.
=IF(AND(ISNUMBER(AH312),AH312>0),ROUND(AH312*(1-AR312),0),"")	3	0.05	=IF(AND(ISNUMBER(AH312),AH312>0),"enabled","pending")	Owner approved 5% below approved retail, 3+ of this product. Business verification required. Not a supplier quote.
=IF(AND(ISNUMBER(AH313),AH313>0),ROUND(AH313*(1-AR313),0),"")	3	0.05	=IF(AND(ISNUMBER(AH313),AH313>0),"enabled","pending")	Owner approved 5% below approved retail, 3+ of this product. Business verification required. Not a supplier quote.
=IF(AND(ISNUMBER(AH314),AH314>0),ROUND(AH314*(1-AR314),0),"")	3	0.05	=IF(AND(ISNUMBER(AH314),AH314>0),"enabled","pending")	Owner approved 5% below approved retail, 3+ of this product. Business verification required. Not a supplier quote.
=IF(AND(ISNUMBER(AH315),AH315>0),ROUND(AH315*(1-AR315),0),"")	3	0.05	=IF(AND(ISNUMBER(AH315),AH315>0),"enabled","pending")	Owner approved 5% below approved retail, 3+ of this product. Business verification required. Not a supplier quote.
=IF(AND(ISNUMBER(AH316),AH316>0),ROUND(AH316*(1-AR316),0),"")	3	0.05	=IF(AND(ISNUMBER(AH316),AH316>0),"enabled","pending")	Owner approved 5% below approved retail, 3+ of this product. Business verification required. Not a supplier quote.
=IF(AND(ISNUMBER(AH317),AH317>0),ROUND(AH317*(1-AR317),0),"")	3	0.05	=IF(AND(ISNUMBER(AH317),AH317>0),"enabled","pending")	Owner approved 5% below approved retail, 3+ of this product. Business verification required. Not a supplier quote.
=IF(AND(ISNUMBER(AH318),AH318>0),ROUND(AH318*(1-AR318),0),"")	3	0.05	=IF(AND(ISNUMBER(AH318),AH318>0),"enabled","pending")	Owner approved 5% below approved retail, 3+ of this product. Business verification required. Not a supplier quote.
=IF(AND(ISNUMBER(AH319),AH319>0),ROUND(AH319*(1-AR319),0),"")	3	0.05	=IF(AND(ISNUMBER(AH319),AH319>0),"enabled","pending")	Owner approved 5% below approved retail, 3+ of this product. Business verification required. Not a supplier quote.
=IF(AND(ISNUMBER(AH320),AH320>0),ROUND(AH320*(1-AR320),0),"")	3	0.05	=IF(AND(ISNUMBER(AH320),AH320>0),"enabled","pending")	Owner approved 5% below approved retail, 3+ of this product. Business verification required. Not a supplier quote.
=IF(AND(ISNUMBER(AH321),AH321>0),ROUND(AH321*(1-AR321),0),"")	3	0.05	=IF(AND(ISNUMBER(AH321),AH321>0),"enabled","pending")	Owner approved 5% below approved retail, 3+ of this product. Business verification required. Not a supplier quote.
=IF(AND(ISNUMBER(AH322),AH322>0),ROUND(AH322*(1-AR322),0),"")	3	0.05	=IF(AND(ISNUMBER(AH322),AH322>0),"enabled","pending")	Owner approved 5% below approved retail, 3+ of this product. Business verification required. Not a supplier quote.
=IF(AND(ISNUMBER(AH323),AH323>0),ROUND(AH323*(1-AR323),0),"")	3	0.05	=IF(AND(ISNUMBER(AH323),AH323>0),"enabled","pending")	Owner approved 5% below approved retail, 3+ of this product. Business verification required. Not a supplier quote.
=IF(AND(ISNUMBER(AH324),AH324>0),ROUND(AH324*(1-AR324),0),"")	3	0.05	=IF(AND(ISNUMBER(AH324),AH324>0),"enabled","pending")	Owner approved 5% below approved retail, 3+ of this product. Business verification required. Not a supplier quote.
=IF(AND(ISNUMBER(AH325),AH325>0),ROUND(AH325*(1-AR325),0),"")	3	0.05	=IF(AND(ISNUMBER(AH325),AH325>0),"enabled","pending")	Owner approved 5% below approved retail, 3+ of this product. Business verification required. Not a supplier quote.
=IF(AND(ISNUMBER(AH326),AH326>0),ROUND(AH326*(1-AR326),0),"")	3	0.05	=IF(AND(ISNUMBER(AH326),AH326>0),"enabled","pending")	Owner approved 5% below approved retail, 3+ of this product. Business verification required. Not a supplier quote.
=IF(AND(ISNUMBER(AH327),AH327>0),ROUND(AH327*(1-AR327),0),"")	3	0.05	=IF(AND(ISNUMBER(AH327),AH327>0),"enabled","pending")	Owner approved 5% below approved retail, 3+ of this product. Business verification required. Not a supplier quote.
=IF(AND(ISNUMBER(AH328),AH328>0),ROUND(AH328*(1-AR328),0),"")	3	0.05	=IF(AND(ISNUMBER(AH328),AH328>0),"enabled","pending")	Owner approved 5% below approved retail, 3+ of this product. Business verification required. Not a supplier quote.
=IF(AND(ISNUMBER(AH329),AH329>0),ROUND(AH329*(1-AR329),0),"")	3	0.05	=IF(AND(ISNUMBER(AH329),AH329>0),"enabled","pending")	Owner approved 5% below approved retail, 3+ of this product. Business verification required. Not a supplier quote.
=IF(AND(ISNUMBER(AH330),AH330>0),ROUND(AH330*(1-AR330),0),"")	3	0.05	=IF(AND(ISNUMBER(AH330),AH330>0),"enabled","pending")	Owner approved 5% below approved retail, 3+ of this product. Business verification required. Not a supplier quote.
=IF(AND(ISNUMBER(AH331),AH331>0),ROUND(AH331*(1-AR331),0),"")	3	0.05	=IF(AND(ISNUMBER(AH331),AH331>0),"enabled","pending")	Owner approved 5% below approved retail, 3+ of this product. Business verification required. Not a supplier quote.
=IF(AND(ISNUMBER(AH332),AH332>0),ROUND(AH332*(1-AR332),0),"")	3	0.05	=IF(AND(ISNUMBER(AH332),AH332>0),"enabled","pending")	Owner approved 5% below approved retail, 3+ of this product. Business verification required. Not a supplier quote.
=IF(AND(ISNUMBER(AH333),AH333>0),ROUND(AH333*(1-AR333),0),"")	3	0.05	=IF(AND(ISNUMBER(AH333),AH333>0),"enabled","pending")	Owner approved 5% below approved retail, 3+ of this product. Business verification required. Not a supplier quote.
=IF(AND(ISNUMBER(AH334),AH334>0),ROUND(AH334*(1-AR334),0),"")	3	0.05	=IF(AND(ISNUMBER(AH334),AH334>0),"enabled","pending")	Owner approved 5% below approved retail, 3+ of this product. Business verification required. Not a supplier quote.
=IF(AND(ISNUMBER(AH335),AH335>0),ROUND(AH335*(1-AR335),0),"")	3	0.05	=IF(AND(ISNUMBER(AH335),AH335>0),"enabled","pending")	Owner approved 5% below approved retail, 3+ of this product. Business verification required. Not a supplier quote.
=IF(AND(ISNUMBER(AH336),AH336>0),ROUND(AH336*(1-AR336),0),"")	3	0.05	=IF(AND(ISNUMBER(AH336),AH336>0),"enabled","pending")	Owner approved 5% below approved retail, 3+ of this product. Business verification required. Not a supplier quote.
=IF(AND(ISNUMBER(AH337),AH337>0),ROUND(AH337*(1-AR337),0),"")	3	0.05	=IF(AND(ISNUMBER(AH337),AH337>0),"enabled","pending")	Owner approved 5% below approved retail, 3+ of this product. Business verification required. Not a supplier quote.
=IF(AND(ISNUMBER(AH338),AH338>0),ROUND(AH338*(1-AR338),0),"")	3	0.05	=IF(AND(ISNUMBER(AH338),AH338>0),"enabled","pending")	Owner approved 5% below approved retail, 3+ of this product. Business verification required. Not a supplier quote.
=IF(AND(ISNUMBER(AH339),AH339>0),ROUND(AH339*(1-AR339),0),"")	3	0.05	=IF(AND(ISNUMBER(AH339),AH339>0),"enabled","pending")	Owner approved 5% below approved retail, 3+ of this product. Business verification required. Not a supplier quote.
=IF(AND(ISNUMBER(AH340),AH340>0),ROUND(AH340*(1-AR340),0),"")	3	0.05	=IF(AND(ISNUMBER(AH340),AH340>0),"enabled","pending")	Owner approved 5% below approved retail, 3+ of this product. Business verification required. Not a supplier quote.
=IF(AND(ISNUMBER(AH341),AH341>0),ROUND(AH341*(1-AR341),0),"")	3	0.05	=IF(AND(ISNUMBER(AH341),AH341>0),"enabled","pending")	Owner approved 5% below approved retail, 3+ of this product. Business verification required. Not a supplier quote.
=IF(AND(ISNUMBER(AH342),AH342>0),ROUND(AH342*(1-AR342),0),"")	3	0.05	=IF(AND(ISNUMBER(AH342),AH342>0),"enabled","pending")	Owner approved 5% below approved retail, 3+ of this product. Business verification required. Not a supplier quote.
=IF(AND(ISNUMBER(AH343),AH343>0),ROUND(AH343*(1-AR343),0),"")	3	0.05	=IF(AND(ISNUMBER(AH343),AH343>0),"enabled","pending")	Owner approved 5% below approved retail, 3+ of this product. Business verification required. Not a supplier quote.
=IF(AND(ISNUMBER(AH344),AH344>0),ROUND(AH344*(1-AR344),0),"")	3	0.05	=IF(AND(ISNUMBER(AH344),AH344>0),"enabled","pending")	Owner approved 5% below approved retail, 3+ of this product. Business verification required. Not a supplier quote.
=IF(AND(ISNUMBER(AH345),AH345>0),ROUND(AH345*(1-AR345),0),"")	3	0.05	=IF(AND(ISNUMBER(AH345),AH345>0),"enabled","pending")	Owner approved 5% below approved retail, 3+ of this product. Business verification required. Not a supplier quote.
=IF(AND(ISNUMBER(AH346),AH346>0),ROUND(AH346*(1-AR346),0),"")	3	0.05	=IF(AND(ISNUMBER(AH346),AH346>0),"enabled","pending")	Owner approved 5% below approved retail, 3+ of this product. Business verification required. Not a supplier quote.
=IF(AND(ISNUMBER(AH347),AH347>0),ROUND(AH347*(1-AR347),0),"")	3	0.05	=IF(AND(ISNUMBER(AH347),AH347>0),"enabled","pending")	Owner approved 5% below approved retail, 3+ of this product. Business verification required. Not a supplier quote.
=IF(AND(ISNUMBER(AH348),AH348>0),ROUND(AH348*(1-AR348),0),"")	3	0.05	=IF(AND(ISNUMBER(AH348),AH348>0),"enabled","pending")	Owner approved 5% below approved retail, 3+ of this product. Business verification required. Not a supplier quote.
=IF(AND(ISNUMBER(AH349),AH349>0),ROUND(AH349*(1-AR349),0),"")	3	0.05	=IF(AND(ISNUMBER(AH349),AH349>0),"enabled","pending")	Owner approved 5% below approved retail, 3+ of this product. Business verification required. Not a supplier quote.