Retail Price MMK	Banana Price THB	MMK per THB	Banana Reference MMK	Price Source URL	Price Checked At	Price Status	Price Notes
							
							
							
		134			2026-09-02	NEEDS EXACT PRICE	Used/damaged condition: owner must set a selling price; do not use new-item retail automatically.
		134			2026-09-02	NEEDS EXACT PRICE	No reliable exact Banana price verified. Enter your approved selling price in Retail Price MMK.
		134			2026-09-02	NEEDS EXACT PRICE	Used/damaged condition: owner must set a selling price; do not use new-item retail automatically.
		134			2026-09-02	NEEDS EXACT PRICE	Used/damaged condition: owner must set a selling price; do not use new-item retail automatically.
		134			2026-09-02	NEEDS EXACT PRICE	Used/damaged condition: owner must set a selling price; do not use new-item retail automatically.
		134			2026-09-02	NEEDS EXACT PRICE	Used/damaged condition: owner must set a selling price; do not use new-item retail automatically.
		134			2026-09-02	NEEDS EXACT PRICE	No reliable exact Banana price verified. Enter your approved selling price in Retail Price MMK.
		134			2026-09-02	NEEDS EXACT PRICE	No reliable exact Banana price verified. Enter your approved selling price in Retail Price MMK.
		134			2026-09-02	NEEDS EXACT PRICE	No reliable exact Banana price verified. Enter your approved selling price in Retail Price MMK.
		134			2026-09-02	NEEDS EXACT PRICE	No reliable exact Banana price verified. Enter your approved selling price in Retail Price MMK.
		134			2026-09-02	NEEDS EXACT PRICE	No reliable exact Banana price verified. Enter your approved selling price in Retail Price MMK.
		134			2026-09-02	NEEDS EXACT PRICE	No reliable exact Banana price verified. Enter your approved selling price in Retail Price MMK.
		134			2026-09-02	NEEDS EXACT PRICE	No reliable exact Banana price verified. Enter your approved selling price in Retail Price MMK.
		134			2026-09-02	NEEDS EXACT PRICE	No reliable exact Banana price verified. Enter your approved selling price in Retail Price MMK.
		134			2026-09-02	NEEDS EXACT PRICE	No reliable exact Banana price verified. Enter your approved selling price in Retail Price MMK.
		134			2026-09-02	NEEDS EXACT PRICE	No reliable exact Banana price verified. Enter your approved selling price in Retail Price MMK.
		134			2026-09-02	NEEDS EXACT PRICE	No reliable exact Banana price verified. Enter your approved selling price in Retail Price MMK.
		134			2026-09-02	NEEDS EXACT PRICE	Used/damaged condition: owner must set a selling price; do not use new-item retail automatically.
		134			2026-09-02	NEEDS EXACT PRICE	No reliable exact Banana price verified. Enter your approved selling price in Retail Price MMK.
		134			2026-09-02	NEEDS EXACT PRICE	No reliable exact Banana price verified. Enter your approved selling price in Retail Price MMK.
		134			2026-09-02	NEEDS EXACT PRICE	No reliable exact Banana price verified. Enter your approved selling price in Retail Price MMK.
		134			2026-09-02	NEEDS EXACT PRICE	No reliable exact Banana price verified. Enter your approved selling price in Retail Price MMK.
		134			2026-09-02	NEEDS EXACT PRICE	No reliable exact Banana price verified. Enter your approved selling price in Retail Price MMK.
		134			2026-09-02	NEEDS EXACT PRICE	Used/damaged condition: owner must set a selling price; do not use new-item retail automatically.
		134			2026-09-02	NEEDS EXACT PRICE	Used/damaged condition: owner must set a selling price; do not use new-item retail automatically.
		134			2026-09-02	NEEDS EXACT PRICE	No reliable exact Banana price verified. Enter your approved selling price in Retail Price MMK.
		134			2026-09-02	NEEDS EXACT PRICE	No reliable exact Banana price verified. Enter your approved selling price in Retail Price MMK.
		134			2026-09-02	NEEDS EXACT PRICE	No reliable exact Banana price verified. Enter your approved selling price in Retail Price MMK.
		134			2026-09-02	NEEDS EXACT PRICE	No reliable exact Banana price verified. Enter your approved selling price in Retail Price MMK.
		134			2026-09-02	NEEDS EXACT PRICE	Used/damaged condition: owner must set a selling price; do not use new-item retail automatically.
		134			2026-09-02	NEEDS EXACT PRICE	No reliable exact Banana price verified. Enter your approved selling price in Retail Price MMK.
		134			2026-09-02	NEEDS EXACT PRICE	No reliable exact Banana price verified. Enter your approved selling price in Retail Price MMK.
		134			2026-09-02	NEEDS EXACT PRICE	Used/damaged condition: owner must set a selling price; do not use new-item retail automatically.
		134			2026-09-02	NEEDS EXACT PRICE	No reliable exact Banana price verified. Enter your approved selling price in Retail Price MMK.
		134			2026-09-02	NEEDS EXACT PRICE	No reliable exact Banana price verified. Enter your approved selling price in Retail Price MMK.
		134			2026-09-02	NEEDS EXACT PRICE	No reliable exact Banana price verified. Enter your approved selling price in Retail Price MMK.
		134			2026-09-02	NEEDS EXACT PRICE	No reliable exact Banana price verified. Enter your approved selling price in Retail Price MMK.
		134			2026-09-02	NEEDS EXACT PRICE	No reliable exact Banana price verified. Enter your approved selling price in Retail Price MMK.
		134			2026-09-02	NEEDS EXACT PRICE	No reliable exact Banana price verified. Enter your approved selling price in Retail Price MMK.
		134			2026-09-02	NEEDS EXACT PRICE	No reliable exact Banana price verified. Enter your approved selling price in Retail Price MMK.
		134			2026-09-02	NEEDS EXACT PRICE	No reliable exact Banana price verified. Enter your approved selling price in Retail Price MMK.
		134			2026-09-02	NEEDS EXACT PRICE	No reliable exact Banana price verified. Enter your approved selling price in Retail Price MMK.
		134			2026-09-02	NEEDS EXACT PRICE	No reliable exact Banana price verified. Enter your approved selling price in Retail Price MMK.
		134			2026-09-02	NEEDS EXACT PRICE	No reliable exact Banana price verified. Enter your approved selling price in Retail Price MMK.
		134			2026-09-02	NEEDS EXACT PRICE	No reliable exact Banana price verified. Enter your approved selling price in Retail Price MMK.
		134			2026-09-02	NEEDS EXACT PRICE	Used/damaged condition: owner must set a selling price; do not use new-item retail automatically.
		134			2026-09-02	NEEDS EXACT PRICE	No reliable exact Banana price verified. Enter your approved selling price in Retail Price MMK.
		134			2026-09-02	NEEDS EXACT PRICE	No reliable exact Banana price verified. Enter your approved selling price in Retail Price MMK.
		134			2026-09-02	NEEDS EXACT PRICE	No reliable exact Banana price verified. Enter your approved selling price in Retail Price MMK.
		134			2026-09-02	NEEDS EXACT PRICE	No reliable exact Banana price verified. Enter your approved selling price in Retail Price MMK.
		134			2026-09-02	NEEDS EXACT PRICE	No reliable exact Banana price verified. Enter your approved selling price in Retail Price MMK.
		134			2026-09-02	NEEDS EXACT PRICE	No reliable exact Banana price verified. Enter your approved selling price in Retail Price MMK.
		134			2026-09-02	NEEDS EXACT PRICE	No reliable exact Banana price verified. Enter your approved selling price in Retail Price MMK.
		134			2026-09-02	NEEDS EXACT PRICE	No reliable exact Banana price verified. Enter your approved selling price in Retail Price MMK.
		134			2026-09-02	NEEDS EXACT PRICE	No reliable exact Banana price verified. Enter your approved selling price in Retail Price MMK.
		134			2026-09-02	NEEDS EXACT PRICE	Used/damaged condition: owner must set a selling price; do not use new-item retail automatically.
		134			2026-09-02	NEEDS EXACT PRICE	Used/damaged condition: owner must set a selling price; do not use new-item retail automatically.
		134			2026-09-02	NEEDS EXACT PRICE	No reliable exact Banana price verified. Enter your approved selling price in Retail Price MMK.
		134			2026-09-02	NEEDS EXACT PRICE	No reliable exact Banana price verified. Enter your approved selling price in Retail Price MMK.
		134			2026-09-02	NEEDS EXACT PRICE	No reliable exact Banana price verified. Enter your approved selling price in Retail Price MMK.
		134			2026-09-02	NEEDS EXACT PRICE	No reliable exact Banana price verified. Enter your approved selling price in Retail Price MMK.
		134			2026-09-02	NEEDS EXACT PRICE	No reliable exact Banana price verified. Enter your approved selling price in Retail Price MMK.
		134			2026-09-02	NEEDS EXACT PRICE	Used/damaged condition: owner must set a selling price; do not use new-item retail automatically.
		134			2026-09-02	NEEDS EXACT PRICE	Used/damaged condition: owner must set a selling price; do not use new-item retail automatically.
		134			2026-09-02	NEEDS EXACT PRICE	Used/damaged condition: owner must set a selling price; do not use new-item retail automatically.
		134			2026-09-02	NEEDS EXACT PRICE	No reliable exact Banana price verified. Enter your approved selling price in Retail Price MMK.
		134			2026-09-02	NEEDS EXACT PRICE	No reliable exact Banana price verified. Enter your approved selling price in Retail Price MMK.
		134			2026-09-02	NEEDS EXACT PRICE	No reliable exact Banana price verified. Enter your approved selling price in Retail Price MMK.
		134			2026-09-02	NEEDS EXACT PRICE	No reliable exact Banana price verified. Enter your approved selling price in Retail Price MMK.
		134			2026-09-02	NEEDS EXACT PRICE	No reliable exact Banana price verified. Enter your approved selling price in Retail Price MMK.
		134			2026-09-02	NEEDS EXACT PRICE	No reliable exact Banana price verified. Enter your approved selling price in Retail Price MMK.
		134			2026-09-02	NEEDS EXACT PRICE	No reliable exact Banana price verified. Enter your approved selling price in Retail Price MMK.
		134			2026-09-02	NEEDS EXACT PRICE	No reliable exact Banana price verified. Enter your approved selling price in Retail Price MMK.
		134			2026-09-02	NEEDS EXACT PRICE	No reliable exact Banana price verified. Enter your approved selling price in Retail Price MMK.
		134			2026-09-02	NEEDS EXACT PRICE	No reliable exact Banana price verified. Enter your approved selling price in Retail Price MMK.
		134			2026-09-02	NEEDS EXACT PRICE	No reliable exact Banana price verified. Enter your approved selling price in Retail Price MMK.
		134			2026-09-02	NEEDS EXACT PRICE	No reliable exact Banana price verified. Enter your approved selling price in Retail Price MMK.
		134			2026-09-02	NEEDS EXACT PRICE	No reliable exact Banana price verified. Enter your approved selling price in Retail Price MMK.
		134			2026-09-02	NEEDS EXACT PRICE	No reliable exact Banana price verified. Enter your approved selling price in Retail Price MMK.
		134			2026-09-02	NEEDS EXACT PRICE	No reliable exact Banana price verified. Enter your approved selling price in Retail Price MMK.
		134			2026-09-02	NEEDS EXACT PRICE	No reliable exact Banana price verified. Enter your approved selling price in Retail Price MMK.
		134			2026-09-02	NEEDS EXACT PRICE	No reliable exact Banana price verified. Enter your approved selling price in Retail Price MMK.
		134			2026-09-02	NEEDS EXACT PRICE	No reliable exact Banana price verified. Enter your approved selling price in Retail Price MMK.
		134			2026-09-02	NEEDS EXACT PRICE	No reliable exact Banana price verified. Enter your approved selling price in Retail Price MMK.
		134			2026-09-02	NEEDS EXACT PRICE	Used/damaged condition: owner must set a selling price; do not use new-item retail automatically.
		134			2026-09-02	NEEDS EXACT PRICE	No reliable exact Banana price verified. Enter your approved selling price in Retail Price MMK.
		134			2026-09-02	NEEDS EXACT PRICE	No reliable exact Banana price verified. Enter your approved selling price in Retail Price MMK.
		134			2026-09-02	NEEDS EXACT PRICE	No reliable exact Banana price verified. Enter your approved selling price in Retail Price MMK.
		134			2026-09-02	NEEDS EXACT PRICE	No reliable exact Banana price verified. Enter your approved selling price in Retail Price MMK.
		134			2026-09-02	NEEDS EXACT PRICE	No reliable exact Banana price verified. Enter your approved selling price in Retail Price MMK.
		134			2026-09-02	NEEDS EXACT PRICE	No reliable exact Banana price verified. Enter your approved selling price in Retail Price MMK.
		134			2026-09-02	NEEDS EXACT PRICE	No reliable exact Banana price verified. Enter your approved selling price in Retail Price MMK.
		134			2026-09-02	NEEDS EXACT PRICE	No reliable exact Banana price verified. Enter your approved selling price in Retail Price MMK.
		134			2026-09-02	NEEDS EXACT PRICE	No reliable exact Banana price verified. Enter your approved selling price in Retail Price MMK.
		134			2026-09-02	NEEDS EXACT PRICE	No reliable exact Banana price verified. Enter your approved selling price in Retail Price MMK.
		134			2026-09-02	NEEDS EXACT PRICE	No reliable exact Banana price verified. Enter your approved selling price in Retail Price MMK.
		134			2026-09-02	NEEDS EXACT PRICE	No reliable exact Banana price verified. Enter your approved selling price in Retail Price MMK.
		134			2026-09-02	NEEDS EXACT PRICE	No reliable exact Banana price verified. Enter your approved selling price in Retail Price MMK.
		134			2026-09-02	NEEDS EXACT PRICE	No reliable exact Banana price verified. Enter your approved selling price in Retail Price MMK.
		134			2026-09-02	NEEDS EXACT PRICE	No reliable exact Banana price verified. Enter your approved selling price in Retail Price MMK.
		134			2026-09-02	NEEDS EXACT PRICE	No reliable exact Banana price verified. Enter your approved selling price in Retail Price MMK.
		134			2026-09-02	NEEDS EXACT PRICE	No reliable exact Banana price verified. Enter your approved selling price in Retail Price MMK.
=AK112	4590	134	=ROUND(AI112*AJ112,0)	https://www.bnn.in.th/en/p/computer-hardware-diy/printer-and-supplies	2026-09-02	MATCHED	Epson EcoTank L3250 Verify supplier warranty and local delivery cost.
		134			2026-09-02	NEEDS EXACT PRICE	No reliable exact Banana price verified. Enter your approved selling price in Retail Price MMK.
		134			2026-09-02	NEEDS EXACT PRICE	Used/damaged condition: owner must set a selling price; do not use new-item retail automatically.
		134			2026-09-02	NEEDS EXACT PRICE	No reliable exact Banana price verified. Enter your approved selling price in Retail Price MMK.
		134			2026-09-02	NEEDS EXACT PRICE	No reliable exact Banana price verified. Enter your approved selling price in Retail Price MMK.
		134			2026-09-02	NEEDS EXACT PRICE	Used/damaged condition: owner must set a selling price; do not use new-item retail automatically.
		134			2026-09-02	NEEDS EXACT PRICE	No reliable exact Banana price verified. Enter your approved selling price in Retail Price MMK.
		134			2026-09-02	NEEDS EXACT PRICE	No reliable exact Banana price verified. Enter your approved selling price in Retail Price MMK.
